169Y1A0186,1821101,8
179Y1A0127,1821101,28
189Y1A0101,1821101,20
189Y1A0102,1821101,35
189Y1A0103,1821101,32
189Y1A0104,1821101,46
189Y1A0105,1821101,31
189Y1A0106,1821101,47
189Y1A0107,1821101,53
189Y1A0108,1821101,32
189Y1A0109,1821101,46
189Y1A0110,1821101,35
189Y1A0111,1821101,41
189Y1A0112,1821101,41
189Y1A0113,1821101,43
189Y1A0114,1821101,37
189Y1A0115,1821101,40
189Y1A0116,1821101,31
189Y1A0117,1821101,25
189Y1A0118,1821101,39
189Y1A0119,1821101,27
189Y1A0120,1821101,30
189Y1A0121,1821101,29
189Y1A0122,1821101,39
189Y1A0123,1821101,34
189Y1A0124,1821101,28
189Y1A0125,1821101,37
189Y1A0126,1821101,43
189Y1A0127,1821101,33
189Y1A0128,1821101,32
189Y1A0129,1821101,31
189Y1A0130,1821101,43
189Y1A0132,1821101,48
189Y1A0133,1821101,53
189Y1A0134,1821101,63
189Y1A0135,1821101,51
189Y1A0136,1821101,25
189Y1A0137,1821101,39
189Y1A0138,1821101,26
189Y1A0139,1821101,31
189Y1A0140,1821101,40
189Y1A0141,1821101,37
189Y1A0142,1821101,28
189Y1A0143,1821101,34
189Y1A0144,1821101,38
189Y1A0145,1821101,32
189Y1A0146,1821101,45
189Y1A0147,1821101,26
189Y1A0148,1821101,25
189Y1A0149,1821101,1
189Y1A0150,1821101,25
189Y1A0151,1821101,27
189Y1A0152,1821101,12
189Y1A0153,1821101,33
189Y1A0154,1821101,29
189Y1A0155,1821101,16
189Y1A0156,1821101,46
189Y1A0157,1821101,27
189Y1A0158,1821101,56
189Y1A0159,1821101,42
189Y1A0160,1821101,42
189Y1A0161,1821101,37
189Y1A0162,1821101,10
189Y1A0163,1821101,34
189Y1A0165,1821101,25
189Y1A0166,1821101,50
189Y1A0167,1821101,31
189Y1A0168,1821101,28
189Y1A0169,1821101,29
189Y1A0170,1821101,33
189Y1A0171,1821101,48
189Y1A0172,1821101,50
189Y1A0173,1821101,42
189Y1A0174,1821101,39
189Y1A0175,1821101,49
189Y1A0176,1821101,25
189Y1A0177,1821101,25
189Y1A0178,1821101,35
189Y1A0179,1821101,39
189Y1A0180,1821101,25
189Y1A0181,1821101,18
189Y1A0182,1821101,28
189Y1A0183,1821101,34
189Y1A0184,1821101,28
189Y1A0185,1821101,49
189Y1A0186,1821101,38
189Y1A0187,1821101,59
189Y1A0188,1821101,53
189Y1A0189,1821101,52
189Y1A0190,1821101,29
189Y1A0191,1821101,34
189Y1A0192,1821101,43
189Y1A0193,1821101,50
189Y1A0194,1821101,53
189Y1A0195,1821101,37
189Y1A0197,1821101,16
189Y1A0198,1821101,35
189Y1A0199,1821101,19
189Y1A01A0,1821101,44
189Y1A01A1,1821101,31
189Y1A01A2,1821101,32
189Y1A01A3,1821101,16
189Y1A01A4,1821101,25
189Y1A01A5,1821101,37
189Y1A01A6,1821101,26
189Y1A01A7,1821101,26
189Y1A01A8,1821101,26
189Y1A01A9,1821101,33
189Y1A01B0,1821101,55
189Y1A01B1,1821101,42
189Y1A01B2,1821101,48
189Y1A01B3,1821101,25
189Y1A01B4,1821101,61
189Y1A01B5,1821101,35
189Y1A01B6,1821101,31
189Y1A01B7,1821101,39
189Y1A01B8,1821101,49
189Y1A01B9,1821101,50
189Y1A01C0,1821101,36
189Y1A01C1,1821101,6
189Y1A01C2,1821101,26
189Y1A01C3,1821101,68
189Y1A01C4,1821101,34
189Y1A01C5,1821101,25
189Y1A01C6,1821101,52
189Y1A01C7,1821101,2
189Y1A01C8,1821101,53
169Y1A0186,1823102,26
179Y1A0127,1823102,3
189Y1A0101,1823102,14
189Y1A0102,1823102,36
189Y1A0103,1823102,25
189Y1A0104,1823102,-1
189Y1A0105,1823102,39
189Y1A0106,1823102,38
189Y1A0107,1823102,43
189Y1A0108,1823102,37
189Y1A0109,1823102,47
189Y1A0110,1823102,26
189Y1A0111,1823102,27
189Y1A0112,1823102,40
189Y1A0113,1823102,35
189Y1A0114,1823102,36
189Y1A0115,1823102,46
189Y1A0116,1823102,40
189Y1A0117,1823102,2
189Y1A0118,1823102,59
189Y1A0119,1823102,31
189Y1A0120,1823102,17
189Y1A0121,1823102,27
189Y1A0122,1823102,34
189Y1A0123,1823102,29
189Y1A0124,1823102,15
189Y1A0125,1823102,40
189Y1A0126,1823102,48
189Y1A0127,1823102,12
189Y1A0128,1823102,26
189Y1A0129,1823102,7
189Y1A0130,1823102,33
189Y1A0132,1823102,40
189Y1A0133,1823102,60
189Y1A0134,1823102,46
189Y1A0135,1823102,49
189Y1A0136,1823102,31
189Y1A0137,1823102,49
189Y1A0138,1823102,15
189Y1A0139,1823102,28
189Y1A0140,1823102,25
189Y1A0141,1823102,45
189Y1A0142,1823102,37
189Y1A0143,1823102,26
189Y1A0144,1823102,45
189Y1A0145,1823102,2
189Y1A0146,1823102,49
189Y1A0147,1823102,25
189Y1A0148,1823102,15
189Y1A0149,1823102,3
189Y1A0150,1823102,33
189Y1A0151,1823102,27
189Y1A0152,1823102,26
189Y1A0153,1823102,52
189Y1A0154,1823102,15
189Y1A0155,1823102,25
189Y1A0156,1823102,40
189Y1A0157,1823102,15
189Y1A0158,1823102,48
189Y1A0159,1823102,49
189Y1A0160,1823102,47
189Y1A0161,1823102,48
189Y1A0162,1823102,10
189Y1A0163,1823102,47
189Y1A0165,1823102,32
189Y1A0166,1823102,62
189Y1A0167,1823102,36
189Y1A0168,1823102,25
189Y1A0169,1823102,9
189Y1A0170,1823102,12
189Y1A0171,1823102,51
189Y1A0172,1823102,43
189Y1A0173,1823102,43
189Y1A0174,1823102,35
189Y1A0175,1823102,45
189Y1A0176,1823102,9
189Y1A0177,1823102,26
189Y1A0178,1823102,16
189Y1A0179,1823102,39
189Y1A0180,1823102,25
189Y1A0181,1823102,14
189Y1A0182,1823102,16
189Y1A0183,1823102,42
189Y1A0184,1823102,25
189Y1A0185,1823102,36
189Y1A0186,1823102,25
189Y1A0187,1823102,42
189Y1A0188,1823102,40
189Y1A0189,1823102,38
189Y1A0190,1823102,53
189Y1A0191,1823102,25
189Y1A0192,1823102,40
189Y1A0193,1823102,55
189Y1A0194,1823102,31
189Y1A0195,1823102,16
189Y1A0197,1823102,2
189Y1A0198,1823102,32
189Y1A0199,1823102,13
189Y1A01A0,1823102,29
189Y1A01A1,1823102,4
189Y1A01A2,1823102,29
189Y1A01A3,1823102,34
189Y1A01A4,1823102,25
189Y1A01A5,1823102,35
189Y1A01A6,1823102,39
189Y1A01A7,1823102,30
189Y1A01A8,1823102,25
189Y1A01A9,1823102,45
189Y1A01B0,1823102,53
189Y1A01B1,1823102,34
189Y1A01B2,1823102,28
189Y1A01B3,1823102,25
189Y1A01B4,1823102,62
189Y1A01B5,1823102,31
189Y1A01B6,1823102,48
189Y1A01B7,1823102,14
189Y1A01B8,1823102,49
189Y1A01B9,1823102,39
189Y1A01C0,1823102,16
189Y1A01C1,1823102,4
189Y1A01C2,1823102,15
189Y1A01C3,1823102,60
189Y1A01C4,1823102,11
189Y1A01C5,1823102,3
189Y1A01C6,1823102,39
189Y1A01C7,1823102,7
189Y1A01C8,1823102,43
169Y1A0186,1824103,33
179Y1A0127,1824103,40
189Y1A0101,1824103,26
189Y1A0102,1824103,28
189Y1A0103,1824103,53
189Y1A0104,1824103,38
189Y1A0105,1824103,30
189Y1A0106,1824103,44
189Y1A0107,1824103,50
189Y1A0108,1824103,48
189Y1A0109,1824103,37
189Y1A0110,1824103,44
189Y1A0111,1824103,50
189Y1A0112,1824103,47
189Y1A0113,1824103,36
189Y1A0114,1824103,41
189Y1A0115,1824103,41
189Y1A0116,1824103,35
189Y1A0117,1824103,31
189Y1A0118,1824103,43
189Y1A0119,1824103,38
189Y1A0120,1824103,47
189Y1A0121,1824103,40
189Y1A0122,1824103,45
189Y1A0123,1824103,46
189Y1A0124,1824103,40
189Y1A0125,1824103,40
189Y1A0126,1824103,59
189Y1A0127,1824103,35
189Y1A0128,1824103,29
189Y1A0129,1824103,42
189Y1A0130,1824103,35
189Y1A0132,1824103,48
189Y1A0133,1824103,48
189Y1A0134,1824103,50
189Y1A0135,1824103,43
189Y1A0136,1824103,39
189Y1A0137,1824103,40
189Y1A0138,1824103,29
189Y1A0139,1824103,61
189Y1A0140,1824103,48
189Y1A0141,1824103,38
189Y1A0142,1824103,45
189Y1A0143,1824103,32
189Y1A0144,1824103,56
189Y1A0145,1824103,26
189Y1A0146,1824103,46
189Y1A0147,1824103,35
189Y1A0148,1824103,48
189Y1A0149,1824103,40
189Y1A0150,1824103,52
189Y1A0151,1824103,25
189Y1A0152,1824103,44
189Y1A0153,1824103,47
189Y1A0154,1824103,37
189Y1A0155,1824103,46
189Y1A0156,1824103,54
189Y1A0157,1824103,29
189Y1A0158,1824103,58
189Y1A0159,1824103,45
189Y1A0160,1824103,55
189Y1A0161,1824103,50
189Y1A0162,1824103,37
189Y1A0163,1824103,55
189Y1A0165,1824103,34
189Y1A0166,1824103,47
189Y1A0167,1824103,37
189Y1A0168,1824103,35
189Y1A0169,1824103,40
189Y1A0170,1824103,43
189Y1A0171,1824103,48
189Y1A0172,1824103,43
189Y1A0173,1824103,48
189Y1A0174,1824103,51
189Y1A0175,1824103,37
189Y1A0176,1824103,27
189Y1A0177,1824103,26
189Y1A0178,1824103,42
189Y1A0179,1824103,45
189Y1A0180,1824103,26
189Y1A0181,1824103,39
189Y1A0182,1824103,44
189Y1A0183,1824103,41
189Y1A0184,1824103,30
189Y1A0185,1824103,41
189Y1A0186,1824103,40
189Y1A0187,1824103,52
189Y1A0188,1824103,49
189Y1A0189,1824103,43
189Y1A0190,1824103,50
189Y1A0191,1824103,35
189Y1A0192,1824103,40
189Y1A0193,1824103,48
189Y1A0194,1824103,45
189Y1A0195,1824103,42
189Y1A0197,1824103,25
189Y1A0198,1824103,39
189Y1A0199,1824103,28
189Y1A01A0,1824103,39
189Y1A01A1,1824103,33
189Y1A01A2,1824103,40
189Y1A01A3,1824103,46
189Y1A01A4,1824103,41
189Y1A01A5,1824103,38
189Y1A01A6,1824103,35
189Y1A01A7,1824103,35
189Y1A01A8,1824103,31
189Y1A01A9,1824103,35
189Y1A01B0,1824103,50
189Y1A01B1,1824103,31
189Y1A01B2,1824103,43
189Y1A01B3,1824103,47
189Y1A01B4,1824103,44
189Y1A01B5,1824103,39
189Y1A01B6,1824103,34
189Y1A01B7,1824103,37
189Y1A01B8,1824103,50
189Y1A01B9,1824103,40
189Y1A01C0,1824103,44
189Y1A01C1,1824103,27
189Y1A01C2,1824103,27
189Y1A01C3,1824103,47
189Y1A01C4,1824103,42
189Y1A01C5,1824103,26
189Y1A01C6,1824103,47
189Y1A01C7,1824103,35
189Y1A01C8,1824103,42
169Y1A0186,1805104,5
179Y1A0127,1805104,0
189Y1A0101,1805104,10
189Y1A0102,1805104,11
189Y1A0103,1805104,6
189Y1A0104,1805104,16
189Y1A0105,1805104,14
189Y1A0106,1805104,16
189Y1A0107,1805104,19
189Y1A0108,1805104,16
189Y1A0109,1805104,22
189Y1A0110,1805104,19
189Y1A0111,1805104,25
189Y1A0112,1805104,15
189Y1A0113,1805104,13
189Y1A0114,1805104,25
189Y1A0115,1805104,26
189Y1A0116,1805104,15
189Y1A0117,1805104,3
189Y1A0118,1805104,21
189Y1A0119,1805104,25
189Y1A0120,1805104,14
189Y1A0121,1805104,15
189Y1A0122,1805104,25
189Y1A0123,1805104,17
189Y1A0124,1805104,14
189Y1A0125,1805104,26
189Y1A0126,1805104,35
189Y1A0127,1805104,12
189Y1A0128,1805104,11
189Y1A0129,1805104,15
189Y1A0130,1805104,18
189Y1A0132,1805104,17
189Y1A0133,1805104,32
189Y1A0134,1805104,63
189Y1A0135,1805104,46
189Y1A0136,1805104,17
189Y1A0137,1805104,30
189Y1A0138,1805104,6
189Y1A0139,1805104,22
189Y1A0140,1805104,21
189Y1A0141,1805104,37
189Y1A0142,1805104,33
189Y1A0143,1805104,22
189Y1A0144,1805104,35
189Y1A0145,1805104,21
189Y1A0146,1805104,28
189Y1A0147,1805104,10
189Y1A0148,1805104,25
189Y1A0149,1805104,9
189Y1A0150,1805104,21
189Y1A0151,1805104,13
189Y1A0152,1805104,18
189Y1A0153,1805104,44
189Y1A0154,1805104,12
189Y1A0155,1805104,12
189Y1A0156,1805104,46
189Y1A0157,1805104,13
189Y1A0158,1805104,46
189Y1A0159,1805104,49
189Y1A0160,1805104,30
189Y1A0161,1805104,26
189Y1A0162,1805104,14
189Y1A0163,1805104,28
189Y1A0165,1805104,26
189Y1A0166,1805104,38
189Y1A0167,1805104,16
189Y1A0168,1805104,25
189Y1A0169,1805104,14
189Y1A0170,1805104,16
189Y1A0171,1805104,36
189Y1A0172,1805104,26
189Y1A0173,1805104,25
189Y1A0174,1805104,10
189Y1A0175,1805104,42
189Y1A0176,1805104,15
189Y1A0177,1805104,11
189Y1A0178,1805104,15
189Y1A0179,1805104,36
189Y1A0180,1805104,8
189Y1A0181,1805104,13
189Y1A0182,1805104,12
189Y1A0183,1805104,16
189Y1A0184,1805104,20
189Y1A0185,1805104,21
189Y1A0186,1805104,17
189Y1A0187,1805104,27
189Y1A0188,1805104,16
189Y1A0189,1805104,17
189Y1A0190,1805104,18
189Y1A0191,1805104,11
189Y1A0192,1805104,25
189Y1A0193,1805104,37
189Y1A0194,1805104,32
189Y1A0195,1805104,27
189Y1A0197,1805104,5
189Y1A0198,1805104,29
189Y1A0199,1805104,8
189Y1A01A0,1805104,40
189Y1A01A1,1805104,11
189Y1A01A2,1805104,26
189Y1A01A3,1805104,25
189Y1A01A4,1805104,15
189Y1A01A5,1805104,15
189Y1A01A6,1805104,28
189Y1A01A7,1805104,33
189Y1A01A8,1805104,32
189Y1A01A9,1805104,33
189Y1A01B0,1805104,61
189Y1A01B1,1805104,50
189Y1A01B2,1805104,31
189Y1A01B3,1805104,25
189Y1A01B4,1805104,67
189Y1A01B5,1805104,31
189Y1A01B6,1805104,29
189Y1A01B7,1805104,25
189Y1A01B8,1805104,54
189Y1A01B9,1805104,42
189Y1A01C0,1805104,15
189Y1A01C1,1805104,-1
189Y1A01C2,1805104,13
189Y1A01C3,1805104,55
189Y1A01C4,1805104,19
189Y1A01C5,1805104,9
189Y1A01C6,1805104,48
189Y1A01C7,1805104,9
189Y1A01C8,1805104,34
169Y1A0186,1823107,33
179Y1A0127,1823107,31
189Y1A0101,1823107,34
189Y1A0102,1823107,36
189Y1A0103,1823107,35
189Y1A0104,1823107,39
189Y1A0105,1823107,38
189Y1A0106,1823107,34
189Y1A0107,1823107,32
189Y1A0108,1823107,35
189Y1A0109,1823107,37
189Y1A0110,1823107,36
189Y1A0111,1823107,37
189Y1A0112,1823107,41
189Y1A0113,1823107,33
189Y1A0114,1823107,33
189Y1A0115,1823107,42
189Y1A0116,1823107,39
189Y1A0117,1823107,37
189Y1A0118,1823107,32
189Y1A0119,1823107,41
189Y1A0120,1823107,32
189Y1A0121,1823107,31
189Y1A0122,1823107,41
189Y1A0123,1823107,34
189Y1A0124,1823107,34
189Y1A0125,1823107,34
189Y1A0126,1823107,45
189Y1A0127,1823107,34
189Y1A0128,1823107,35
189Y1A0129,1823107,34
189Y1A0130,1823107,36
189Y1A0132,1823107,38
189Y1A0133,1823107,38
189Y1A0134,1823107,45
189Y1A0135,1823107,45
189Y1A0136,1823107,35
189Y1A0137,1823107,40
189Y1A0138,1823107,-1
189Y1A0139,1823107,32
189Y1A0140,1823107,38
189Y1A0141,1823107,35
189Y1A0142,1823107,40
189Y1A0143,1823107,37
189Y1A0144,1823107,41
189Y1A0145,1823107,34
189Y1A0146,1823107,39
189Y1A0147,1823107,35
189Y1A0148,1823107,35
189Y1A0149,1823107,37
189Y1A0150,1823107,38
189Y1A0151,1823107,34
189Y1A0152,1823107,39
189Y1A0153,1823107,43
189Y1A0154,1823107,36
189Y1A0155,1823107,37
189Y1A0156,1823107,45
189Y1A0157,1823107,36
189Y1A0158,1823107,45
189Y1A0159,1823107,45
189Y1A0160,1823107,37
189Y1A0161,1823107,45
189Y1A0162,1823107,33
189Y1A0163,1823107,45
189Y1A0165,1823107,36
189Y1A0166,1823107,43
189Y1A0167,1823107,39
189Y1A0168,1823107,43
189Y1A0169,1823107,35
189Y1A0170,1823107,37
189Y1A0171,1823107,45
189Y1A0172,1823107,41
189Y1A0173,1823107,37
189Y1A0174,1823107,36
189Y1A0175,1823107,44
189Y1A0176,1823107,28
189Y1A0177,1823107,39
189Y1A0178,1823107,37
189Y1A0179,1823107,44
189Y1A0180,1823107,35
189Y1A0181,1823107,38
189Y1A0182,1823107,39
189Y1A0183,1823107,35
189Y1A0184,1823107,34
189Y1A0185,1823107,41
189Y1A0186,1823107,34
189Y1A0187,1823107,41
189Y1A0188,1823107,37
189Y1A0189,1823107,38
189Y1A0190,1823107,37
189Y1A0191,1823107,34
189Y1A0192,1823107,35
189Y1A0193,1823107,44
189Y1A0194,1823107,38
189Y1A0195,1823107,38
189Y1A0197,1823107,32
189Y1A0198,1823107,40
189Y1A0199,1823107,33
189Y1A01A0,1823107,34
189Y1A01A1,1823107,34
189Y1A01A2,1823107,35
189Y1A01A3,1823107,35
189Y1A01A4,1823107,36
189Y1A01A5,1823107,40
189Y1A01A6,1823107,38
189Y1A01A7,1823107,37
189Y1A01A8,1823107,34
189Y1A01A9,1823107,39
189Y1A01B0,1823107,45
189Y1A01B1,1823107,36
189Y1A01B2,1823107,37
189Y1A01B3,1823107,33
189Y1A01B4,1823107,45
189Y1A01B5,1823107,34
189Y1A01B6,1823107,39
189Y1A01B7,1823107,36
189Y1A01B8,1823107,43
189Y1A01B9,1823107,42
189Y1A01C0,1823107,36
189Y1A01C1,1823107,-1
189Y1A01C2,1823107,40
189Y1A01C3,1823107,45
189Y1A01C4,1823107,37
189Y1A01C5,1823107,39
189Y1A01C6,1823107,42
189Y1A01C7,1823107,34
189Y1A01C8,1823107,42
169Y1A0186,1805108,-1
179Y1A0127,1805108,40
189Y1A0101,1805108,40
189Y1A0102,1805108,38
189Y1A0103,1805108,38
189Y1A0104,1805108,44
189Y1A0105,1805108,42
189Y1A0106,1805108,38
189Y1A0107,1805108,44
189Y1A0108,1805108,42
189Y1A0109,1805108,44
189Y1A0110,1805108,38
189Y1A0111,1805108,42
189Y1A0112,1805108,42
189Y1A0113,1805108,38
189Y1A0114,1805108,40
189Y1A0115,1805108,36
189Y1A0116,1805108,42
189Y1A0117,1805108,40
189Y1A0118,1805108,40
189Y1A0119,1805108,44
189Y1A0120,1805108,36
189Y1A0121,1805108,36
189Y1A0122,1805108,44
189Y1A0123,1805108,42
189Y1A0124,1805108,40
189Y1A0125,1805108,40
189Y1A0126,1805108,45
189Y1A0127,1805108,40
189Y1A0128,1805108,40
189Y1A0129,1805108,38
189Y1A0130,1805108,36
189Y1A0132,1805108,40
189Y1A0133,1805108,48
189Y1A0134,1805108,48
189Y1A0135,1805108,48
189Y1A0136,1805108,32
189Y1A0137,1805108,47
189Y1A0138,1805108,-1
189Y1A0139,1805108,36
189Y1A0140,1805108,40
189Y1A0141,1805108,49
189Y1A0142,1805108,35
189Y1A0143,1805108,33
189Y1A0144,1805108,48
189Y1A0145,1805108,5
189Y1A0146,1805108,49
189Y1A0147,1805108,32
189Y1A0148,1805108,40
189Y1A0149,1805108,7
189Y1A0150,1805108,40
189Y1A0151,1805108,32
189Y1A0152,1805108,47
189Y1A0153,1805108,48
189Y1A0154,1805108,38
189Y1A0155,1805108,32
189Y1A0156,1805108,47
189Y1A0157,1805108,32
189Y1A0158,1805108,49
189Y1A0159,1805108,49
189Y1A0160,1805108,45
189Y1A0161,1805108,47
189Y1A0162,1805108,32
189Y1A0163,1805108,35
189Y1A0165,1805108,43
189Y1A0166,1805108,49
189Y1A0167,1805108,35
189Y1A0168,1805108,40
189Y1A0169,1805108,33
189Y1A0170,1805108,42
189Y1A0171,1805108,47
189Y1A0172,1805108,44
189Y1A0173,1805108,40
189Y1A0174,1805108,32
189Y1A0175,1805108,49
189Y1A0176,1805108,-1
189Y1A0177,1805108,40
189Y1A0178,1805108,39
189Y1A0179,1805108,45
189Y1A0180,1805108,40
189Y1A0181,1805108,30
189Y1A0182,1805108,30
189Y1A0183,1805108,35
189Y1A0184,1805108,43
189Y1A0185,1805108,43
189Y1A0186,1805108,42
189Y1A0187,1805108,47
189Y1A0188,1805108,49
189Y1A0189,1805108,45
189Y1A0190,1805108,42
189Y1A0191,1805108,43
189Y1A0192,1805108,48
189Y1A0193,1805108,47
189Y1A0194,1805108,40
189Y1A0195,1805108,35
189Y1A0197,1805108,5
189Y1A0198,1805108,40
189Y1A0199,1805108,5
189Y1A01A0,1805108,42
189Y1A01A1,1805108,10
189Y1A01A2,1805108,30
189Y1A01A3,1805108,30
189Y1A01A4,1805108,35
189Y1A01A5,1805108,40
189Y1A01A6,1805108,30
189Y1A01A7,1805108,40
189Y1A01A8,1805108,40
189Y1A01A9,1805108,43
189Y1A01B0,1805108,49
189Y1A01B1,1805108,48
189Y1A01B2,1805108,48
189Y1A01B3,1805108,40
189Y1A01B4,1805108,49
189Y1A01B5,1805108,45
189Y1A01B6,1805108,48
189Y1A01B7,1805108,44
189Y1A01B8,1805108,49
189Y1A01B9,1805108,47
189Y1A01C0,1805108,44
189Y1A01C1,1805108,-1
189Y1A01C2,1805108,40
189Y1A01C3,1805108,49
189Y1A01C4,1805108,40
189Y1A01C5,1805108,40
189Y1A01C6,1805108,46
189Y1A01C7,1805108,38
189Y1A01C8,1805108,47
169Y1A0186,1824109,46
179Y1A0127,1824109,46
189Y1A0101,1824109,46
189Y1A0102,1824109,47
189Y1A0103,1824109,47
189Y1A0104,1824109,47
189Y1A0105,1824109,46
189Y1A0106,1824109,46
189Y1A0107,1824109,47
189Y1A0108,1824109,47
189Y1A0109,1824109,48
189Y1A0110,1824109,47
189Y1A0111,1824109,48
189Y1A0112,1824109,48
189Y1A0113,1824109,47
189Y1A0114,1824109,47
189Y1A0115,1824109,47
189Y1A0116,1824109,46
189Y1A0117,1824109,45
189Y1A0118,1824109,46
189Y1A0119,1824109,45
189Y1A0120,1824109,47
189Y1A0121,1824109,45
189Y1A0122,1824109,47
189Y1A0123,1824109,46
189Y1A0124,1824109,46
189Y1A0125,1824109,46
189Y1A0126,1824109,46
189Y1A0127,1824109,48
189Y1A0128,1824109,46
189Y1A0129,1824109,46
189Y1A0130,1824109,44
189Y1A0132,1824109,46
189Y1A0133,1824109,49
189Y1A0134,1824109,49
189Y1A0135,1824109,48
189Y1A0136,1824109,47
189Y1A0137,1824109,45
189Y1A0138,1824109,-1
189Y1A0139,1824109,48
189Y1A0140,1824109,48
189Y1A0141,1824109,47
189Y1A0142,1824109,47
189Y1A0143,1824109,47
189Y1A0144,1824109,47
189Y1A0145,1824109,48
189Y1A0146,1824109,48
189Y1A0147,1824109,47
189Y1A0148,1824109,47
189Y1A0149,1824109,48
189Y1A0150,1824109,47
189Y1A0151,1824109,46
189Y1A0152,1824109,47
189Y1A0153,1824109,46
189Y1A0154,1824109,48
189Y1A0155,1824109,48
189Y1A0156,1824109,48
189Y1A0157,1824109,45
189Y1A0158,1824109,45
189Y1A0159,1824109,46
189Y1A0160,1824109,47
189Y1A0161,1824109,47
189Y1A0162,1824109,46
189Y1A0163,1824109,45
189Y1A0165,1824109,47
189Y1A0166,1824109,48
189Y1A0167,1824109,46
189Y1A0168,1824109,44
189Y1A0169,1824109,48
189Y1A0170,1824109,47
189Y1A0171,1824109,48
189Y1A0172,1824109,49
189Y1A0173,1824109,47
189Y1A0174,1824109,48
189Y1A0175,1824109,48
189Y1A0176,1824109,47
189Y1A0177,1824109,48
189Y1A0178,1824109,48
189Y1A0179,1824109,49
189Y1A0180,1824109,48
189Y1A0181,1824109,48
189Y1A0182,1824109,49
189Y1A0183,1824109,48
189Y1A0184,1824109,48
189Y1A0185,1824109,47
189Y1A0186,1824109,47
189Y1A0187,1824109,48
189Y1A0188,1824109,48
189Y1A0189,1824109,47
189Y1A0190,1824109,48
189Y1A0191,1824109,41
189Y1A0192,1824109,48
189Y1A0193,1824109,47
189Y1A0194,1824109,48
189Y1A0195,1824109,47
189Y1A0197,1824109,46
189Y1A0198,1824109,46
189Y1A0199,1824109,47
189Y1A01A0,1824109,47
189Y1A01A1,1824109,47
189Y1A01A2,1824109,47
189Y1A01A3,1824109,47
189Y1A01A4,1824109,49
189Y1A01A5,1824109,48
189Y1A01A6,1824109,48
189Y1A01A7,1824109,48
189Y1A01A8,1824109,47
189Y1A01A9,1824109,47
189Y1A01B0,1824109,49
189Y1A01B1,1824109,46
189Y1A01B2,1824109,47
189Y1A01B3,1824109,46
189Y1A01B4,1824109,48
189Y1A01B5,1824109,47
189Y1A01B6,1824109,47
189Y1A01B7,1824109,40
189Y1A01B8,1824109,48
189Y1A01B9,1824109,47
189Y1A01C0,1824109,47
189Y1A01C1,1824109,-1
189Y1A01C2,1824109,46
189Y1A01C3,1824109,48
189Y1A01C4,1824109,47
189Y1A01C5,1824109,42
189Y1A01C6,1824109,48
189Y1A01C7,1824109,48
189Y1A01C8,1824109,48
189Y1A0201,1821101,25
189Y1A0202,1821101,35
189Y1A0203,1821101,29
189Y1A0205,1821101,51
189Y1A0206,1821101,39
189Y1A0207,1821101,7
189Y1A0208,1821101,26
189Y1A0209,1821101,50
189Y1A0210,1821101,35
189Y1A0211,1821101,52
189Y1A0212,1821101,55
189Y1A0213,1821101,11
189Y1A0214,1821101,4
189Y1A0215,1821101,25
189Y1A0216,1821101,39
189Y1A0217,1821101,42
189Y1A0218,1821101,46
189Y1A0219,1821101,49
189Y1A0220,1821101,31
189Y1A0221,1821101,48
189Y1A0222,1821101,60
189Y1A0223,1821101,12
189Y1A0224,1821101,53
189Y1A0225,1821101,54
189Y1A0226,1821101,41
189Y1A0227,1821101,43
189Y1A0228,1821101,46
189Y1A0229,1821101,52
189Y1A0230,1821101,25
189Y1A0231,1821101,26
189Y1A0232,1821101,34
189Y1A0233,1821101,41
189Y1A0234,1821101,59
189Y1A0235,1821101,58
189Y1A0236,1821101,42
189Y1A0237,1821101,35
189Y1A0238,1821101,45
189Y1A0239,1821101,25
189Y1A0240,1821101,9
189Y1A0241,1821101,42
189Y1A0242,1821101,14
189Y1A0243,1821101,64
189Y1A0244,1821101,11
189Y1A0245,1821101,47
189Y1A0246,1821101,34
189Y1A0247,1821101,59
189Y1A0248,1821101,16
189Y1A0250,1821101,34
189Y1A0251,1821101,26
189Y1A0252,1821101,28
189Y1A0253,1821101,40
189Y1A0201,1823102,27
189Y1A0202,1823102,51
189Y1A0203,1823102,3
189Y1A0205,1823102,56
189Y1A0206,1823102,48
189Y1A0207,1823102,18
189Y1A0208,1823102,15
189Y1A0209,1823102,43
189Y1A0210,1823102,44
189Y1A0211,1823102,54
189Y1A0212,1823102,55
189Y1A0213,1823102,30
189Y1A0214,1823102,18
189Y1A0215,1823102,40
189Y1A0216,1823102,30
189Y1A0217,1823102,43
189Y1A0218,1823102,46
189Y1A0219,1823102,8
189Y1A0220,1823102,2
189Y1A0221,1823102,35
189Y1A0222,1823102,61
189Y1A0223,1823102,3
189Y1A0224,1823102,39
189Y1A0225,1823102,49
189Y1A0226,1823102,8
189Y1A0227,1823102,26
189Y1A0228,1823102,26
189Y1A0229,1823102,51
189Y1A0230,1823102,31
189Y1A0231,1823102,4
189Y1A0232,1823102,17
189Y1A0233,1823102,39
189Y1A0234,1823102,55
189Y1A0235,1823102,64
189Y1A0236,1823102,43
189Y1A0237,1823102,11
189Y1A0238,1823102,63
189Y1A0239,1823102,19
189Y1A0240,1823102,13
189Y1A0241,1823102,47
189Y1A0242,1823102,25
189Y1A0243,1823102,68
189Y1A0244,1823102,33
189Y1A0245,1823102,54
189Y1A0246,1823102,42
189Y1A0247,1823102,61
189Y1A0248,1823102,4
189Y1A0250,1823102,40
189Y1A0251,1823102,31
189Y1A0252,1823102,32
189Y1A0253,1823102,38
189Y1A0201,1824103,31
189Y1A0202,1824103,46
189Y1A0203,1824103,34
189Y1A0205,1824103,47
189Y1A0206,1824103,54
189Y1A0207,1824103,47
189Y1A0208,1824103,28
189Y1A0209,1824103,30
189Y1A0210,1824103,34
189Y1A0211,1824103,37
189Y1A0212,1824103,38
189Y1A0213,1824103,51
189Y1A0214,1824103,15
189Y1A0215,1824103,25
189Y1A0216,1824103,25
189Y1A0217,1824103,32
189Y1A0218,1824103,40
189Y1A0219,1824103,17
189Y1A0220,1824103,25
189Y1A0221,1824103,25
189Y1A0222,1824103,49
189Y1A0223,1824103,26
189Y1A0224,1824103,35
189Y1A0225,1824103,42
189Y1A0226,1824103,31
189Y1A0227,1824103,20
189Y1A0228,1824103,12
189Y1A0229,1824103,48
189Y1A0230,1824103,31
189Y1A0231,1824103,25
189Y1A0232,1824103,26
189Y1A0233,1824103,30
189Y1A0234,1824103,43
189Y1A0235,1824103,50
189Y1A0236,1824103,25
189Y1A0237,1824103,30
189Y1A0238,1824103,43
189Y1A0239,1824103,7
189Y1A0240,1824103,16
189Y1A0241,1824103,30
189Y1A0242,1824103,20
189Y1A0243,1824103,44
189Y1A0244,1824103,26
189Y1A0245,1824103,51
189Y1A0246,1824103,39
189Y1A0247,1824103,48
189Y1A0248,1824103,29
189Y1A0250,1824103,41
189Y1A0251,1824103,20
189Y1A0252,1824103,43
189Y1A0253,1824103,45
189Y1A0201,1805104,26
189Y1A0202,1805104,44
189Y1A0203,1805104,5
189Y1A0205,1805104,59
189Y1A0206,1805104,30
189Y1A0207,1805104,33
189Y1A0208,1805104,11
189Y1A0209,1805104,43
189Y1A0210,1805104,42
189Y1A0211,1805104,25
189Y1A0212,1805104,56
189Y1A0213,1805104,5
189Y1A0214,1805104,6
189Y1A0215,1805104,8
189Y1A0216,1805104,12
189Y1A0217,1805104,37
189Y1A0218,1805104,26
189Y1A0219,1805104,7
189Y1A0220,1805104,6
189Y1A0221,1805104,27
189Y1A0222,1805104,49
189Y1A0223,1805104,7
189Y1A0224,1805104,13
189Y1A0225,1805104,33
189Y1A0226,1805104,32
189Y1A0227,1805104,25
189Y1A0228,1805104,25
189Y1A0229,1805104,49
189Y1A0230,1805104,16
189Y1A0231,1805104,3
189Y1A0232,1805104,9
189Y1A0233,1805104,25
189Y1A0234,1805104,34
189Y1A0235,1805104,55
189Y1A0236,1805104,17
189Y1A0237,1805104,16
189Y1A0238,1805104,48
189Y1A0239,1805104,30
189Y1A0240,1805104,10
189Y1A0241,1805104,34
189Y1A0242,1805104,30
189Y1A0243,1805104,65
189Y1A0244,1805104,6
189Y1A0245,1805104,51
189Y1A0246,1805104,26
189Y1A0247,1805104,54
189Y1A0248,1805104,12
189Y1A0250,1805104,45
189Y1A0251,1805104,3
189Y1A0252,1805104,36
189Y1A0253,1805104,37
189Y1A0201,1823107,34
189Y1A0202,1823107,41
189Y1A0203,1823107,36
189Y1A0205,1823107,45
189Y1A0206,1823107,42
189Y1A0207,1823107,36
189Y1A0208,1823107,35
189Y1A0209,1823107,37
189Y1A0210,1823107,36
189Y1A0211,1823107,41
189Y1A0212,1823107,41
189Y1A0213,1823107,38
189Y1A0214,1823107,34
189Y1A0215,1823107,35
189Y1A0216,1823107,36
189Y1A0217,1823107,38
189Y1A0218,1823107,40
189Y1A0219,1823107,34
189Y1A0220,1823107,34
189Y1A0221,1823107,32
189Y1A0222,1823107,45
189Y1A0223,1823107,32
189Y1A0224,1823107,36
189Y1A0225,1823107,44
189Y1A0226,1823107,35
189Y1A0227,1823107,37
189Y1A0228,1823107,39
189Y1A0229,1823107,43
189Y1A0230,1823107,35
189Y1A0231,1823107,34
189Y1A0232,1823107,40
189Y1A0233,1823107,40
189Y1A0234,1823107,42
189Y1A0235,1823107,44
189Y1A0236,1823107,40
189Y1A0237,1823107,33
189Y1A0238,1823107,44
189Y1A0239,1823107,35
189Y1A0240,1823107,31
189Y1A0241,1823107,38
189Y1A0242,1823107,38
189Y1A0243,1823107,43
189Y1A0244,1823107,35
189Y1A0245,1823107,38
189Y1A0246,1823107,36
189Y1A0247,1823107,45
189Y1A0248,1823107,37
189Y1A0250,1823107,42
189Y1A0251,1823107,34
189Y1A0252,1823107,40
189Y1A0253,1823107,40
189Y1A0201,1805108,40
189Y1A0202,1805108,48
189Y1A0203,1805108,40
189Y1A0205,1805108,49
189Y1A0206,1805108,48
189Y1A0207,1805108,47
189Y1A0208,1805108,45
189Y1A0209,1805108,46
189Y1A0210,1805108,46
189Y1A0211,1805108,47
189Y1A0212,1805108,48
189Y1A0213,1805108,40
189Y1A0214,1805108,35
189Y1A0215,1805108,35
189Y1A0216,1805108,40
189Y1A0217,1805108,47
189Y1A0218,1805108,48
189Y1A0219,1805108,40
189Y1A0220,1805108,-1
189Y1A0221,1805108,45
189Y1A0222,1805108,49
189Y1A0223,1805108,35
189Y1A0224,1805108,45
189Y1A0225,1805108,48
189Y1A0226,1805108,46
189Y1A0227,1805108,47
189Y1A0228,1805108,44
189Y1A0229,1805108,48
189Y1A0230,1805108,39
189Y1A0231,1805108,44
189Y1A0232,1805108,42
189Y1A0233,1805108,46
189Y1A0234,1805108,48
189Y1A0235,1805108,49
189Y1A0236,1805108,49
189Y1A0237,1805108,42
189Y1A0238,1805108,49
189Y1A0239,1805108,46
189Y1A0240,1805108,30
189Y1A0241,1805108,48
189Y1A0242,1805108,37
189Y1A0243,1805108,49
189Y1A0244,1805108,48
189Y1A0245,1805108,49
189Y1A0246,1805108,48
189Y1A0247,1805108,49
189Y1A0248,1805108,41
189Y1A0250,1805108,48
189Y1A0251,1805108,32
189Y1A0252,1805108,46
189Y1A0253,1805108,46
189Y1A0201,1824109,47
189Y1A0202,1824109,47
189Y1A0203,1824109,47
189Y1A0205,1824109,48
189Y1A0206,1824109,48
189Y1A0207,1824109,46
189Y1A0208,1824109,46
189Y1A0209,1824109,47
189Y1A0210,1824109,47
189Y1A0211,1824109,47
189Y1A0212,1824109,47
189Y1A0213,1824109,47
189Y1A0214,1824109,47
189Y1A0215,1824109,46
189Y1A0216,1824109,46
189Y1A0217,1824109,46
189Y1A0218,1824109,46
189Y1A0219,1824109,47
189Y1A0220,1824109,46
189Y1A0221,1824109,46
189Y1A0222,1824109,47
189Y1A0223,1824109,47
189Y1A0224,1824109,47
189Y1A0225,1824109,47
189Y1A0226,1824109,47
189Y1A0227,1824109,46
189Y1A0228,1824109,45
189Y1A0229,1824109,47
189Y1A0230,1824109,46
189Y1A0231,1824109,48
189Y1A0232,1824109,46
189Y1A0233,1824109,42
189Y1A0234,1824109,48
189Y1A0235,1824109,48
189Y1A0236,1824109,49
189Y1A0237,1824109,47
189Y1A0238,1824109,47
189Y1A0239,1824109,47
189Y1A0240,1824109,47
189Y1A0241,1824109,49
189Y1A0242,1824109,47
189Y1A0243,1824109,48
189Y1A0244,1824109,47
189Y1A0245,1824109,47
189Y1A0246,1824109,47
189Y1A0247,1824109,47
189Y1A0248,1824109,47
189Y1A0250,1824109,46
189Y1A0251,1824109,46
189Y1A0252,1824109,48
189Y1A0253,1824109,48
189Y1A0301,1821101,25
189Y1A0302,1821101,26
189Y1A0303,1821101,26
189Y1A0304,1821101,26
189Y1A0305,1821101,2
189Y1A0306,1821101,1
189Y1A0307,1821101,26
189Y1A0308,1821101,5
189Y1A0309,1821101,48
189Y1A0310,1821101,8
189Y1A0311,1821101,25
189Y1A0312,1821101,25
189Y1A0313,1821101,25
189Y1A0314,1821101,46
189Y1A0315,1821101,14
189Y1A0316,1821101,15
189Y1A0317,1821101,15
189Y1A0318,1821101,8
189Y1A0319,1821101,25
189Y1A0320,1821101,7
189Y1A0321,1821101,29
189Y1A0322,1821101,25
189Y1A0323,1821101,19
189Y1A0324,1821101,15
189Y1A0325,1821101,33
189Y1A0326,1821101,11
189Y1A0327,1821101,31
189Y1A0328,1821101,31
189Y1A0329,1821101,-2
189Y1A0330,1821101,27
189Y1A0331,1821101,6
189Y1A0332,1821101,-2
189Y1A0333,1821101,11
189Y1A0334,1821101,8
189Y1A0335,1821101,26
189Y1A0336,1821101,25
189Y1A0337,1821101,25
189Y1A0338,1821101,38
189Y1A0339,1821101,25
189Y1A0340,1821101,25
189Y1A0341,1821101,12
189Y1A0342,1821101,25
189Y1A0343,1821101,5
189Y1A0344,1821101,6
189Y1A0345,1821101,26
189Y1A0346,1821101,25
189Y1A0347,1821101,25
189Y1A0348,1821101,31
189Y1A0349,1821101,26
189Y1A0350,1821101,35
189Y1A0351,1821101,32
189Y1A0352,1821101,10
189Y1A0353,1821101,19
189Y1A0354,1821101,15
189Y1A0355,1821101,25
189Y1A0356,1821101,39
189Y1A0357,1821101,17
189Y1A0358,1821101,37
189Y1A0359,1821101,35
189Y1A0360,1821101,7
189Y1A0361,1821101,15
189Y1A0362,1821101,15
189Y1A0363,1821101,18
189Y1A0364,1821101,18
189Y1A0365,1821101,16
189Y1A0366,1821101,25
189Y1A0367,1821101,26
189Y1A0368,1821101,37
189Y1A0369,1821101,4
189Y1A0370,1821101,4
189Y1A0371,1821101,5
189Y1A0372,1821101,30
189Y1A0373,1821101,53
189Y1A0375,1821101,28
189Y1A0376,1821101,25
189Y1A0377,1821101,43
189Y1A0301,1823102,46
189Y1A0302,1823102,26
189Y1A0303,1823102,25
189Y1A0304,1823102,6
189Y1A0305,1823102,2
189Y1A0306,1823102,2
189Y1A0307,1823102,34
189Y1A0308,1823102,4
189Y1A0309,1823102,33
189Y1A0310,1823102,28
189Y1A0311,1823102,-1
189Y1A0312,1823102,32
189Y1A0313,1823102,5
189Y1A0314,1823102,32
189Y1A0315,1823102,17
189Y1A0316,1823102,38
189Y1A0317,1823102,13
189Y1A0318,1823102,29
189Y1A0319,1823102,40
189Y1A0320,1823102,26
189Y1A0321,1823102,32
189Y1A0322,1823102,25
189Y1A0323,1823102,18
189Y1A0324,1823102,30
189Y1A0325,1823102,20
189Y1A0326,1823102,15
189Y1A0327,1823102,38
189Y1A0328,1823102,28
189Y1A0329,1823102,18
189Y1A0330,1823102,34
189Y1A0331,1823102,6
189Y1A0332,1823102,25
189Y1A0333,1823102,11
189Y1A0334,1823102,7
189Y1A0335,1823102,3
189Y1A0336,1823102,30
189Y1A0337,1823102,25
189Y1A0338,1823102,31
189Y1A0339,1823102,29
189Y1A0340,1823102,13
189Y1A0341,1823102,14
189Y1A0342,1823102,20
189Y1A0343,1823102,8
189Y1A0344,1823102,7
189Y1A0345,1823102,29
189Y1A0346,1823102,27
189Y1A0347,1823102,25
189Y1A0348,1823102,32
189Y1A0349,1823102,14
189Y1A0350,1823102,44
189Y1A0351,1823102,45
189Y1A0352,1823102,17
189Y1A0353,1823102,25
189Y1A0354,1823102,17
189Y1A0355,1823102,33
189Y1A0356,1823102,8
189Y1A0357,1823102,21
189Y1A0358,1823102,42
189Y1A0359,1823102,26
189Y1A0360,1823102,2
189Y1A0361,1823102,14
189Y1A0362,1823102,21
189Y1A0363,1823102,19
189Y1A0364,1823102,31
189Y1A0365,1823102,16
189Y1A0366,1823102,54
189Y1A0367,1823102,28
189Y1A0368,1823102,41
189Y1A0369,1823102,-1
189Y1A0370,1823102,20
189Y1A0371,1823102,6
189Y1A0372,1823102,31
189Y1A0373,1823102,50
189Y1A0375,1823102,43
189Y1A0376,1823102,25
189Y1A0377,1823102,44
189Y1A0301,1824103,45
189Y1A0302,1824103,42
189Y1A0303,1824103,49
189Y1A0304,1824103,38
189Y1A0305,1824103,36
189Y1A0306,1824103,29
189Y1A0307,1824103,51
189Y1A0308,1824103,31
189Y1A0309,1824103,52
189Y1A0310,1824103,48
189Y1A0311,1824103,-1
189Y1A0312,1824103,42
189Y1A0313,1824103,27
189Y1A0314,1824103,64
189Y1A0315,1824103,37
189Y1A0316,1824103,34
189Y1A0317,1824103,43
189Y1A0318,1824103,48
189Y1A0319,1824103,53
189Y1A0320,1824103,42
189Y1A0321,1824103,50
189Y1A0322,1824103,43
189Y1A0323,1824103,45
189Y1A0324,1824103,50
189Y1A0325,1824103,57
189Y1A0326,1824103,13
189Y1A0327,1824103,40
189Y1A0328,1824103,50
189Y1A0329,1824103,36
189Y1A0330,1824103,65
189Y1A0331,1824103,32
189Y1A0332,1824103,33
189Y1A0333,1824103,46
189Y1A0334,1824103,29
189Y1A0335,1824103,42
189Y1A0336,1824103,43
189Y1A0337,1824103,38
189Y1A0338,1824103,42
189Y1A0339,1824103,54
189Y1A0340,1824103,52
189Y1A0341,1824103,42
189Y1A0342,1824103,51
189Y1A0343,1824103,35
189Y1A0344,1824103,26
189Y1A0345,1824103,39
189Y1A0346,1824103,39
189Y1A0347,1824103,27
189Y1A0348,1824103,49
189Y1A0349,1824103,28
189Y1A0350,1824103,51
189Y1A0351,1824103,50
189Y1A0352,1824103,31
189Y1A0353,1824103,50
189Y1A0354,1824103,38
189Y1A0355,1824103,59
189Y1A0356,1824103,48
189Y1A0357,1824103,32
189Y1A0358,1824103,61
189Y1A0359,1824103,35
189Y1A0360,1824103,39
189Y1A0361,1824103,50
189Y1A0362,1824103,36
189Y1A0363,1824103,45
189Y1A0364,1824103,38
189Y1A0365,1824103,54
189Y1A0366,1824103,44
189Y1A0367,1824103,39
189Y1A0368,1824103,57
189Y1A0369,1824103,47
189Y1A0370,1824103,40
189Y1A0371,1824103,32
189Y1A0372,1824103,45
189Y1A0373,1824103,58
189Y1A0375,1824103,44
189Y1A0376,1824103,52
189Y1A0377,1824103,49
189Y1A0301,1805104,47
189Y1A0302,1805104,29
189Y1A0303,1805104,38
189Y1A0304,1805104,9
189Y1A0305,1805104,7
189Y1A0306,1805104,2
189Y1A0307,1805104,26
189Y1A0308,1805104,5
189Y1A0309,1805104,53
189Y1A0310,1805104,31
189Y1A0311,1805104,36
189Y1A0312,1805104,33
189Y1A0313,1805104,12
189Y1A0314,1805104,47
189Y1A0315,1805104,25
189Y1A0316,1805104,49
189Y1A0317,1805104,27
189Y1A0318,1805104,9
189Y1A0319,1805104,43
189Y1A0320,1805104,25
189Y1A0321,1805104,29
189Y1A0322,1805104,27
189Y1A0323,1805104,26
189Y1A0324,1805104,26
189Y1A0325,1805104,48
189Y1A0326,1805104,1
189Y1A0327,1805104,44
189Y1A0328,1805104,30
189Y1A0329,1805104,9
189Y1A0330,1805104,47
189Y1A0331,1805104,4
189Y1A0332,1805104,16
189Y1A0333,1805104,10
189Y1A0334,1805104,16
189Y1A0335,1805104,13
189Y1A0336,1805104,26
189Y1A0337,1805104,25
189Y1A0338,1805104,33
189Y1A0339,1805104,39
189Y1A0340,1805104,10
189Y1A0341,1805104,17
189Y1A0342,1805104,30
189Y1A0343,1805104,30
189Y1A0344,1805104,13
189Y1A0345,1805104,25
189Y1A0346,1805104,26
189Y1A0347,1805104,38
189Y1A0348,1805104,40
189Y1A0349,1805104,7
189Y1A0350,1805104,34
189Y1A0351,1805104,25
189Y1A0352,1805104,26
189Y1A0353,1805104,28
189Y1A0354,1805104,31
189Y1A0355,1805104,45
189Y1A0356,1805104,46
189Y1A0357,1805104,16
189Y1A0358,1805104,46
189Y1A0359,1805104,39
189Y1A0360,1805104,15
189Y1A0361,1805104,43
189Y1A0362,1805104,16
189Y1A0363,1805104,31
189Y1A0364,1805104,25
189Y1A0365,1805104,25
189Y1A0366,1805104,42
189Y1A0367,1805104,25
189Y1A0368,1805104,48
189Y1A0369,1805104,14
189Y1A0370,1805104,26
189Y1A0371,1805104,25
189Y1A0372,1805104,38
189Y1A0373,1805104,56
189Y1A0375,1805104,44
189Y1A0376,1805104,30
189Y1A0377,1805104,35
189Y1A0301,1823107,42
189Y1A0302,1823107,32
189Y1A0303,1823107,42
189Y1A0304,1823107,36
189Y1A0305,1823107,32
189Y1A0306,1823107,32
189Y1A0307,1823107,43
189Y1A0308,1823107,38
189Y1A0309,1823107,42
189Y1A0310,1823107,36
189Y1A0311,1823107,38
189Y1A0312,1823107,39
189Y1A0313,1823107,33
189Y1A0314,1823107,44
189Y1A0315,1823107,37
189Y1A0316,1823107,40
189Y1A0317,1823107,33
189Y1A0318,1823107,38
189Y1A0319,1823107,39
189Y1A0320,1823107,34
189Y1A0321,1823107,32
189Y1A0322,1823107,38
189Y1A0323,1823107,43
189Y1A0324,1823107,41
189Y1A0325,1823107,40
189Y1A0326,1823107,34
189Y1A0327,1823107,42
189Y1A0328,1823107,40
189Y1A0329,1823107,33
189Y1A0330,1823107,45
189Y1A0331,1823107,32
189Y1A0332,1823107,36
189Y1A0333,1823107,29
189Y1A0334,1823107,34
189Y1A0335,1823107,35
189Y1A0336,1823107,33
189Y1A0337,1823107,32
189Y1A0338,1823107,41
189Y1A0339,1823107,38
189Y1A0340,1823107,34
189Y1A0341,1823107,34
189Y1A0342,1823107,34
189Y1A0343,1823107,39
189Y1A0344,1823107,32
189Y1A0345,1823107,34
189Y1A0346,1823107,39
189Y1A0347,1823107,42
189Y1A0348,1823107,39
189Y1A0349,1823107,36
189Y1A0350,1823107,41
189Y1A0351,1823107,42
189Y1A0352,1823107,35
189Y1A0353,1823107,41
189Y1A0354,1823107,36
189Y1A0355,1823107,45
189Y1A0356,1823107,35
189Y1A0357,1823107,35
189Y1A0358,1823107,45
189Y1A0359,1823107,43
189Y1A0360,1823107,41
189Y1A0361,1823107,41
189Y1A0362,1823107,34
189Y1A0363,1823107,36
189Y1A0364,1823107,40
189Y1A0365,1823107,40
189Y1A0366,1823107,41
189Y1A0367,1823107,40
189Y1A0368,1823107,42
189Y1A0369,1823107,-1
189Y1A0370,1823107,42
189Y1A0371,1823107,39
189Y1A0372,1823107,42
189Y1A0373,1823107,44
189Y1A0375,1823107,43
189Y1A0376,1823107,43
189Y1A0377,1823107,41
189Y1A0301,1805108,43
189Y1A0302,1805108,45
189Y1A0303,1805108,47
189Y1A0304,1805108,35
189Y1A0305,1805108,25
189Y1A0306,1805108,5
189Y1A0307,1805108,40
189Y1A0308,1805108,30
189Y1A0309,1805108,47
189Y1A0310,1805108,31
189Y1A0311,1805108,46
189Y1A0312,1805108,31
189Y1A0313,1805108,36
189Y1A0314,1805108,46
189Y1A0315,1805108,41
189Y1A0316,1805108,43
189Y1A0317,1805108,25
189Y1A0318,1805108,5
189Y1A0319,1805108,46
189Y1A0320,1805108,40
189Y1A0321,1805108,40
189Y1A0322,1805108,45
189Y1A0323,1805108,46
189Y1A0324,1805108,41
189Y1A0325,1805108,41
189Y1A0326,1805108,20
189Y1A0327,1805108,32
189Y1A0328,1805108,46
189Y1A0329,1805108,40
189Y1A0330,1805108,46
189Y1A0331,1805108,5
189Y1A0332,1805108,30
189Y1A0333,1805108,32
189Y1A0334,1805108,40
189Y1A0335,1805108,40
189Y1A0336,1805108,42
189Y1A0337,1805108,45
189Y1A0338,1805108,46
189Y1A0339,1805108,46
189Y1A0340,1805108,46
189Y1A0341,1805108,42
189Y1A0342,1805108,40
189Y1A0343,1805108,39
189Y1A0344,1805108,39
189Y1A0345,1805108,45
189Y1A0346,1805108,45
189Y1A0347,1805108,46
189Y1A0348,1805108,46
189Y1A0349,1805108,49
189Y1A0350,1805108,47
189Y1A0351,1805108,48
189Y1A0352,1805108,47
189Y1A0353,1805108,49
189Y1A0354,1805108,48
189Y1A0355,1805108,48
189Y1A0356,1805108,42
189Y1A0357,1805108,38
189Y1A0358,1805108,49
189Y1A0359,1805108,47
189Y1A0360,1805108,36
189Y1A0361,1805108,49
189Y1A0362,1805108,38
189Y1A0363,1805108,43
189Y1A0364,1805108,45
189Y1A0365,1805108,42
189Y1A0366,1805108,49
189Y1A0367,1805108,40
189Y1A0368,1805108,42
189Y1A0369,1805108,-1
189Y1A0370,1805108,48
189Y1A0371,1805108,36
189Y1A0372,1805108,48
189Y1A0373,1805108,49
189Y1A0375,1805108,48
189Y1A0376,1805108,45
189Y1A0377,1805108,46
189Y1A0301,1824109,44
189Y1A0302,1824109,48
189Y1A0303,1824109,48
189Y1A0304,1824109,47
189Y1A0305,1824109,48
189Y1A0306,1824109,47
189Y1A0307,1824109,46
189Y1A0308,1824109,45
189Y1A0309,1824109,48
189Y1A0310,1824109,47
189Y1A0311,1824109,48
189Y1A0312,1824109,47
189Y1A0313,1824109,47
189Y1A0314,1824109,47
189Y1A0315,1824109,47
189Y1A0316,1824109,46
189Y1A0317,1824109,42
189Y1A0318,1824109,46
189Y1A0319,1824109,46
189Y1A0320,1824109,47
189Y1A0321,1824109,48
189Y1A0322,1824109,48
189Y1A0323,1824109,47
189Y1A0324,1824109,49
189Y1A0325,1824109,48
189Y1A0326,1824109,47
189Y1A0327,1824109,47
189Y1A0328,1824109,47
189Y1A0329,1824109,47
189Y1A0330,1824109,48
189Y1A0331,1824109,47
189Y1A0332,1824109,46
189Y1A0333,1824109,48
189Y1A0334,1824109,46
189Y1A0335,1824109,48
189Y1A0336,1824109,48
189Y1A0337,1824109,47
189Y1A0338,1824109,47
189Y1A0339,1824109,47
189Y1A0340,1824109,47
189Y1A0341,1824109,46
189Y1A0342,1824109,45
189Y1A0343,1824109,48
189Y1A0344,1824109,46
189Y1A0345,1824109,44
189Y1A0346,1824109,44
189Y1A0347,1824109,48
189Y1A0348,1824109,48
189Y1A0349,1824109,47
189Y1A0350,1824109,47
189Y1A0351,1824109,46
189Y1A0352,1824109,45
189Y1A0353,1824109,47
189Y1A0354,1824109,45
189Y1A0355,1824109,46
189Y1A0356,1824109,46
189Y1A0357,1824109,45
189Y1A0358,1824109,48
189Y1A0359,1824109,46
189Y1A0360,1824109,47
189Y1A0361,1824109,47
189Y1A0362,1824109,47
189Y1A0363,1824109,48
189Y1A0364,1824109,48
189Y1A0365,1824109,48
189Y1A0366,1824109,48
189Y1A0367,1824109,47
189Y1A0368,1824109,48
189Y1A0369,1824109,47
189Y1A0370,1824109,47
189Y1A0371,1824109,46
189Y1A0372,1824109,47
189Y1A0373,1824109,47
189Y1A0375,1824109,48
189Y1A0376,1824109,48
189Y1A0377,1824109,48
189Y1A0401,1821101,58
189Y1A0402,1821101,28
189Y1A0403,1821101,25
189Y1A0404,1821101,38
189Y1A0405,1821101,27
189Y1A0406,1821101,40
189Y1A0407,1821101,35
189Y1A0408,1821101,48
189Y1A0409,1821101,38
189Y1A0410,1821101,30
189Y1A0411,1821101,34
189Y1A0412,1821101,44
189Y1A0413,1821101,57
189Y1A0414,1821101,49
189Y1A0415,1821101,25
189Y1A0416,1821101,44
189Y1A0417,1821101,42
189Y1A0418,1821101,55
189Y1A0420,1821101,34
189Y1A0421,1821101,38
189Y1A0422,1821101,40
189Y1A0423,1821101,49
189Y1A0424,1821101,25
189Y1A0425,1821101,40
189Y1A0426,1821101,28
189Y1A0427,1821101,45
189Y1A0428,1821101,48
189Y1A0430,1821101,44
189Y1A0431,1821101,44
189Y1A0432,1821101,27
189Y1A0433,1821101,51
189Y1A0434,1821101,30
189Y1A0435,1821101,2
189Y1A0436,1821101,37
189Y1A0437,1821101,39
189Y1A0438,1821101,35
189Y1A0439,1821101,34
189Y1A0440,1821101,39
189Y1A0441,1821101,46
189Y1A0442,1821101,39
189Y1A0443,1821101,40
189Y1A0444,1821101,58
189Y1A0445,1821101,27
189Y1A0446,1821101,33
189Y1A0447,1821101,50
189Y1A0448,1821101,49
189Y1A0449,1821101,41
189Y1A0450,1821101,30
189Y1A0451,1821101,47
189Y1A0452,1821101,55
189Y1A0453,1821101,35
189Y1A0454,1821101,58
189Y1A0455,1821101,53
189Y1A0456,1821101,57
189Y1A0457,1821101,53
189Y1A0458,1821101,38
189Y1A0459,1821101,33
189Y1A0460,1821101,46
189Y1A0461,1821101,48
189Y1A0462,1821101,34
189Y1A0463,1821101,25
189Y1A0464,1821101,56
189Y1A0465,1821101,25
189Y1A0466,1821101,25
189Y1A0467,1821101,9
189Y1A0468,1821101,25
189Y1A0469,1821101,42
189Y1A0470,1821101,45
189Y1A0471,1821101,52
189Y1A0472,1821101,34
189Y1A0473,1821101,45
189Y1A0474,1821101,36
189Y1A0475,1821101,51
189Y1A0476,1821101,27
189Y1A0477,1821101,40
189Y1A0478,1821101,25
189Y1A0479,1821101,31
189Y1A0480,1821101,8
189Y1A0481,1821101,46
189Y1A0482,1821101,29
189Y1A0483,1821101,39
189Y1A0484,1821101,38
189Y1A0485,1821101,25
189Y1A0486,1821101,31
189Y1A0487,1821101,53
189Y1A0488,1821101,64
189Y1A0489,1821101,48
189Y1A0490,1821101,41
189Y1A0491,1821101,63
189Y1A0492,1821101,56
189Y1A0493,1821101,56
189Y1A0494,1821101,60
189Y1A0495,1821101,32
189Y1A0496,1821101,41
189Y1A0497,1821101,54
189Y1A0498,1821101,35
189Y1A0499,1821101,15
189Y1A04A0,1821101,56
189Y1A04A1,1821101,30
189Y1A04A2,1821101,37
189Y1A04A3,1821101,32
189Y1A04A4,1821101,38
189Y1A04A5,1821101,41
189Y1A04A6,1821101,54
189Y1A04A7,1821101,25
189Y1A04A8,1821101,26
189Y1A04A9,1821101,33
189Y1A04B0,1821101,43
189Y1A04B1,1821101,37
189Y1A04B2,1821101,32
189Y1A04B3,1821101,64
189Y1A04B4,1821101,27
189Y1A04B5,1821101,27
189Y1A04B6,1821101,33
189Y1A04B7,1821101,25
189Y1A04B8,1821101,18
189Y1A04B9,1821101,30
189Y1A04C0,1821101,43
189Y1A04C1,1821101,42
189Y1A04C2,1821101,31
189Y1A04C3,1821101,36
189Y1A04C4,1821101,51
189Y1A04C5,1821101,15
189Y1A04C6,1821101,14
189Y1A04C7,1821101,54
189Y1A04C8,1821101,56
189Y1A04C9,1821101,14
189Y1A04D0,1821101,49
189Y1A04D1,1821101,25
189Y1A04D2,1821101,32
189Y1A04D3,1821101,46
189Y1A04D4,1821101,44
189Y1A04D5,1821101,45
189Y1A04D6,1821101,50
189Y1A04D7,1821101,11
189Y1A04D8,1821101,15
189Y1A04D9,1821101,27
189Y1A04E0,1821101,45
189Y1A04E1,1821101,42
189Y1A04E2,1821101,26
189Y1A04E3,1821101,39
189Y1A04E4,1821101,40
189Y1A04E5,1821101,59
189Y1A04E6,1821101,43
189Y1A04E7,1821101,60
189Y1A04E8,1821101,46
189Y1A04E9,1821101,36
189Y1A04F0,1821101,28
189Y1A04F1,1821101,41
189Y1A04F2,1821101,58
189Y1A04F3,1821101,61
189Y1A04F4,1821101,43
189Y1A04F5,1821101,47
189Y1A04F6,1821101,41
189Y1A04F7,1821101,34
189Y1A04F8,1821101,17
189Y1A04F9,1821101,45
189Y1A04G0,1821101,49
189Y1A04G1,1821101,48
189Y1A04G2,1821101,51
189Y1A04G3,1821101,46
189Y1A0401,1822102,42
189Y1A0402,1822102,6
189Y1A0403,1822102,25
189Y1A0404,1822102,30
189Y1A0405,1822102,11
189Y1A0406,1822102,41
189Y1A0407,1822102,45
189Y1A0408,1822102,48
189Y1A0409,1822102,30
189Y1A0410,1822102,20
189Y1A0411,1822102,42
189Y1A0412,1822102,37
189Y1A0413,1822102,44
189Y1A0414,1822102,39
189Y1A0415,1822102,27
189Y1A0416,1822102,47
189Y1A0417,1822102,36
189Y1A0418,1822102,48
189Y1A0420,1822102,55
189Y1A0421,1822102,38
189Y1A0422,1822102,20
189Y1A0423,1822102,28
189Y1A0424,1822102,19
189Y1A0425,1822102,20
189Y1A0426,1822102,20
189Y1A0427,1822102,35
189Y1A0428,1822102,42
189Y1A0430,1822102,51
189Y1A0431,1822102,55
189Y1A0432,1822102,46
189Y1A0433,1822102,40
189Y1A0434,1822102,28
189Y1A0435,1822102,15
189Y1A0436,1822102,37
189Y1A0437,1822102,40
189Y1A0438,1822102,17
189Y1A0439,1822102,38
189Y1A0440,1822102,30
189Y1A0441,1822102,59
189Y1A0442,1822102,35
189Y1A0443,1822102,51
189Y1A0444,1822102,59
189Y1A0445,1822102,25
189Y1A0446,1822102,30
189Y1A0447,1822102,30
189Y1A0448,1822102,46
189Y1A0449,1822102,11
189Y1A0450,1822102,43
189Y1A0451,1822102,30
189Y1A0452,1822102,55
189Y1A0453,1822102,29
189Y1A0454,1822102,56
189Y1A0455,1822102,47
189Y1A0456,1822102,52
189Y1A0457,1822102,50
189Y1A0458,1822102,29
189Y1A0459,1822102,27
189Y1A0460,1822102,43
189Y1A0461,1822102,31
189Y1A0462,1822102,33
189Y1A0463,1822102,10
189Y1A0464,1822102,46
189Y1A0465,1822102,33
189Y1A0466,1822102,32
189Y1A0467,1822102,18
189Y1A0468,1822102,13
189Y1A0469,1822102,45
189Y1A0470,1822102,47
189Y1A0471,1822102,59
189Y1A0472,1822102,38
189Y1A0473,1822102,62
189Y1A0474,1822102,39
189Y1A0475,1822102,60
189Y1A0476,1822102,14
189Y1A0477,1822102,39
189Y1A0478,1822102,14
189Y1A0479,1822102,42
189Y1A0480,1822102,2
189Y1A0481,1822102,57
189Y1A0482,1822102,55
189Y1A0483,1822102,51
189Y1A0484,1822102,43
189Y1A0485,1822102,40
189Y1A0486,1822102,54
189Y1A0487,1822102,60
189Y1A0488,1822102,63
189Y1A0489,1822102,61
189Y1A0490,1822102,51
189Y1A0491,1822102,56
189Y1A0492,1822102,58
189Y1A0493,1822102,63
189Y1A0494,1822102,54
189Y1A0495,1822102,25
189Y1A0496,1822102,47
189Y1A0497,1822102,18
189Y1A0498,1822102,25
189Y1A0499,1822102,16
189Y1A04A0,1822102,44
189Y1A04A1,1822102,43
189Y1A04A2,1822102,53
189Y1A04A3,1822102,29
189Y1A04A4,1822102,62
189Y1A04A5,1822102,38
189Y1A04A6,1822102,50
189Y1A04A7,1822102,19
189Y1A04A8,1822102,17
189Y1A04A9,1822102,48
189Y1A04B0,1822102,54
189Y1A04B1,1822102,47
189Y1A04B2,1822102,25
189Y1A04B3,1822102,61
189Y1A04B4,1822102,15
189Y1A04B5,1822102,28
189Y1A04B6,1822102,25
189Y1A04B7,1822102,25
189Y1A04B8,1822102,10
189Y1A04B9,1822102,15
189Y1A04C0,1822102,46
189Y1A04C1,1822102,46
189Y1A04C2,1822102,28
189Y1A04C3,1822102,35
189Y1A04C4,1822102,57
189Y1A04C5,1822102,35
189Y1A04C6,1822102,31
189Y1A04C7,1822102,56
189Y1A04C8,1822102,58
189Y1A04C9,1822102,7
189Y1A04D0,1822102,59
189Y1A04D1,1822102,18
189Y1A04D2,1822102,25
189Y1A04D3,1822102,42
189Y1A04D4,1822102,46
189Y1A04D5,1822102,54
189Y1A04D6,1822102,55
189Y1A04D7,1822102,14
189Y1A04D8,1822102,15
189Y1A04D9,1822102,28
189Y1A04E0,1822102,63
189Y1A04E1,1822102,40
189Y1A04E2,1822102,25
189Y1A04E3,1822102,58
189Y1A04E4,1822102,39
189Y1A04E5,1822102,53
189Y1A04E6,1822102,44
189Y1A04E7,1822102,47
189Y1A04E8,1822102,9
189Y1A04E9,1822102,37
189Y1A04F0,1822102,40
189Y1A04F1,1822102,18
189Y1A04F2,1822102,45
189Y1A04F3,1822102,47
189Y1A04F4,1822102,15
189Y1A04F5,1822102,28
189Y1A04F6,1822102,31
189Y1A04F7,1822102,19
189Y1A04F8,1822102,15
189Y1A04F9,1822102,56
189Y1A04G0,1822102,36
189Y1A04G1,1822102,41
189Y1A04G2,1822102,40
189Y1A04G3,1822102,43
189Y1A0401,1802103,31
189Y1A0402,1802103,1
189Y1A0403,1802103,3
189Y1A0404,1802103,27
189Y1A0405,1802103,6
189Y1A0406,1802103,26
189Y1A0407,1802103,31
189Y1A0408,1802103,41
189Y1A0409,1802103,28
189Y1A0410,1802103,33
189Y1A0411,1802103,40
189Y1A0412,1802103,41
189Y1A0413,1802103,47
189Y1A0414,1802103,29
189Y1A0415,1802103,10
189Y1A0416,1802103,38
189Y1A0417,1802103,19
189Y1A0418,1802103,35
189Y1A0420,1802103,48
189Y1A0421,1802103,13
189Y1A0422,1802103,26
189Y1A0423,1802103,25
189Y1A0424,1802103,15
189Y1A0425,1802103,11
189Y1A0426,1802103,26
189Y1A0427,1802103,43
189Y1A0428,1802103,29
189Y1A0430,1802103,55
189Y1A0431,1802103,-1
189Y1A0432,1802103,46
189Y1A0433,1802103,33
189Y1A0434,1802103,16
189Y1A0435,1802103,6
189Y1A0436,1802103,36
189Y1A0437,1802103,31
189Y1A0438,1802103,27
189Y1A0439,1802103,40
189Y1A0440,1802103,28
189Y1A0441,1802103,45
189Y1A0442,1802103,25
189Y1A0443,1802103,42
189Y1A0444,1802103,66
189Y1A0445,1802103,15
189Y1A0446,1802103,26
189Y1A0447,1802103,32
189Y1A0448,1802103,33
189Y1A0449,1802103,6
189Y1A0450,1802103,41
189Y1A0451,1802103,25
189Y1A0452,1802103,46
189Y1A0453,1802103,36
189Y1A0454,1802103,55
189Y1A0455,1802103,31
189Y1A0456,1802103,53
189Y1A0457,1802103,44
189Y1A0458,1802103,26
189Y1A0459,1802103,29
189Y1A0460,1802103,48
189Y1A0461,1802103,35
189Y1A0462,1802103,32
189Y1A0463,1802103,15
189Y1A0464,1802103,51
189Y1A0465,1802103,33
189Y1A0466,1802103,38
189Y1A0467,1802103,8
189Y1A0468,1802103,25
189Y1A0469,1802103,29
189Y1A0470,1802103,45
189Y1A0471,1802103,34
189Y1A0472,1802103,47
189Y1A0473,1802103,51
189Y1A0474,1802103,32
189Y1A0475,1802103,35
189Y1A0476,1802103,28
189Y1A0477,1802103,45
189Y1A0478,1802103,7
189Y1A0479,1802103,28
189Y1A0480,1802103,9
189Y1A0481,1802103,36
189Y1A0482,1802103,28
189Y1A0483,1802103,44
189Y1A0484,1802103,34
189Y1A0485,1802103,17
189Y1A0486,1802103,25
189Y1A0487,1802103,29
189Y1A0488,1802103,36
189Y1A0489,1802103,25
189Y1A0490,1802103,28
189Y1A0491,1802103,36
189Y1A0492,1802103,25
189Y1A0493,1802103,44
189Y1A0494,1802103,65
189Y1A0495,1802103,26
189Y1A0496,1802103,35
189Y1A0497,1802103,18
189Y1A0498,1802103,7
189Y1A0499,1802103,9
189Y1A04A0,1802103,50
189Y1A04A1,1802103,25
189Y1A04A2,1802103,32
189Y1A04A3,1802103,27
189Y1A04A4,1802103,50
189Y1A04A5,1802103,41
189Y1A04A6,1802103,38
189Y1A04A7,1802103,13
189Y1A04A8,1802103,9
189Y1A04A9,1802103,33
189Y1A04B0,1802103,29
189Y1A04B1,1802103,31
189Y1A04B2,1802103,16
189Y1A04B3,1802103,37
189Y1A04B4,1802103,5
189Y1A04B5,1802103,27
189Y1A04B6,1802103,18
189Y1A04B7,1802103,29
189Y1A04B8,1802103,3
189Y1A04B9,1802103,7
189Y1A04C0,1802103,32
189Y1A04C1,1802103,34
189Y1A04C2,1802103,13
189Y1A04C3,1802103,41
189Y1A04C4,1802103,44
189Y1A04C5,1802103,13
189Y1A04C6,1802103,29
189Y1A04C7,1802103,37
189Y1A04C8,1802103,40
189Y1A04C9,1802103,12
189Y1A04D0,1802103,46
189Y1A04D1,1802103,26
189Y1A04D2,1802103,14
189Y1A04D3,1802103,33
189Y1A04D4,1802103,44
189Y1A04D5,1802103,40
189Y1A04D6,1802103,64
189Y1A04D7,1802103,30
189Y1A04D8,1802103,13
189Y1A04D9,1802103,27
189Y1A04E0,1802103,46
189Y1A04E1,1802103,32
189Y1A04E2,1802103,32
189Y1A04E3,1802103,30
189Y1A04E4,1802103,18
189Y1A04E5,1802103,31
189Y1A04E6,1802103,39
189Y1A04E7,1802103,42
189Y1A04E8,1802103,3
189Y1A04E9,1802103,33
189Y1A04F0,1802103,25
189Y1A04F1,1802103,14
189Y1A04F2,1802103,49
189Y1A04F3,1802103,36
189Y1A04F4,1802103,25
189Y1A04F5,1802103,14
189Y1A04F6,1802103,19
189Y1A04F7,1802103,17
189Y1A04F8,1802103,13
189Y1A04F9,1802103,28
189Y1A04G0,1802103,12
189Y1A04G1,1802103,11
189Y1A04G2,1802103,25
189Y1A04G3,1802103,19
189Y1A0401,1803107,47
189Y1A0402,1803107,45
189Y1A0403,1803107,43
189Y1A0404,1803107,43
189Y1A0405,1803107,46
189Y1A0406,1803107,45
189Y1A0407,1803107,44
189Y1A0408,1803107,44
189Y1A0409,1803107,45
189Y1A0410,1803107,47
189Y1A0411,1803107,49
189Y1A0412,1803107,48
189Y1A0413,1803107,48
189Y1A0414,1803107,47
189Y1A0415,1803107,46
189Y1A0416,1803107,41
189Y1A0417,1803107,48
189Y1A0418,1803107,47
189Y1A0420,1803107,47
189Y1A0421,1803107,41
189Y1A0422,1803107,42
189Y1A0423,1803107,42
189Y1A0424,1803107,43
189Y1A0425,1803107,43
189Y1A0426,1803107,43
189Y1A0427,1803107,47
189Y1A0428,1803107,47
189Y1A0430,1803107,47
189Y1A0431,1803107,47
189Y1A0432,1803107,45
189Y1A0433,1803107,44
189Y1A0434,1803107,43
189Y1A0435,1803107,43
189Y1A0436,1803107,41
189Y1A0437,1803107,42
189Y1A0438,1803107,44
189Y1A0439,1803107,45
189Y1A0440,1803107,44
189Y1A0441,1803107,43
189Y1A0442,1803107,42
189Y1A0443,1803107,43
189Y1A0444,1803107,47
189Y1A0445,1803107,48
189Y1A0446,1803107,46
189Y1A0447,1803107,46
189Y1A0448,1803107,47
189Y1A0449,1803107,40
189Y1A0450,1803107,43
189Y1A0451,1803107,47
189Y1A0452,1803107,49
189Y1A0453,1803107,47
189Y1A0454,1803107,49
189Y1A0455,1803107,49
189Y1A0456,1803107,49
189Y1A0457,1803107,47
189Y1A0458,1803107,45
189Y1A0459,1803107,43
189Y1A0460,1803107,48
189Y1A0461,1803107,43
189Y1A0462,1803107,43
189Y1A0463,1803107,43
189Y1A0464,1803107,45
189Y1A0465,1803107,44
189Y1A0466,1803107,47
189Y1A0467,1803107,44
189Y1A0468,1803107,44
189Y1A0469,1803107,44
189Y1A0470,1803107,46
189Y1A0471,1803107,46
189Y1A0472,1803107,43
189Y1A0473,1803107,42
189Y1A0474,1803107,46
189Y1A0475,1803107,48
189Y1A0476,1803107,47
189Y1A0477,1803107,46
189Y1A0478,1803107,43
189Y1A0479,1803107,48
189Y1A0480,1803107,43
189Y1A0481,1803107,47
189Y1A0482,1803107,46
189Y1A0483,1803107,47
189Y1A0484,1803107,45
189Y1A0485,1803107,39
189Y1A0486,1803107,43
189Y1A0487,1803107,46
189Y1A0488,1803107,48
189Y1A0489,1803107,46
189Y1A0490,1803107,44
189Y1A0491,1803107,44
189Y1A0492,1803107,46
189Y1A0493,1803107,47
189Y1A0494,1803107,47
189Y1A0495,1803107,46
189Y1A0496,1803107,46
189Y1A0497,1803107,44
189Y1A0498,1803107,45
189Y1A0499,1803107,42
189Y1A04A0,1803107,44
189Y1A04A1,1803107,42
189Y1A04A2,1803107,44
189Y1A04A3,1803107,43
189Y1A04A4,1803107,47
189Y1A04A5,1803107,44
189Y1A04A6,1803107,44
189Y1A04A7,1803107,46
189Y1A04A8,1803107,44
189Y1A04A9,1803107,45
189Y1A04B0,1803107,38
189Y1A04B1,1803107,44
189Y1A04B2,1803107,44
189Y1A04B3,1803107,44
189Y1A04B4,1803107,43
189Y1A04B5,1803107,44
189Y1A04B6,1803107,42
189Y1A04B7,1803107,44
189Y1A04B8,1803107,36
189Y1A04B9,1803107,44
189Y1A04C0,1803107,47
189Y1A04C1,1803107,45
189Y1A04C2,1803107,44
189Y1A04C3,1803107,46
189Y1A04C4,1803107,40
189Y1A04C5,1803107,44
189Y1A04C6,1803107,44
189Y1A04C7,1803107,42
189Y1A04C8,1803107,44
189Y1A04C9,1803107,42
189Y1A04D0,1803107,43
189Y1A04D1,1803107,40
189Y1A04D2,1803107,41
189Y1A04D3,1803107,40
189Y1A04D4,1803107,41
189Y1A04D5,1803107,46
189Y1A04D6,1803107,47
189Y1A04D7,1803107,41
189Y1A04D8,1803107,40
189Y1A04D9,1803107,43
189Y1A04E0,1803107,46
189Y1A04E1,1803107,47
189Y1A04E2,1803107,41
189Y1A04E3,1803107,44
189Y1A04E4,1803107,46
189Y1A04E5,1803107,44
189Y1A04E6,1803107,46
189Y1A04E7,1803107,42
189Y1A04E8,1803107,40
189Y1A04E9,1803107,41
189Y1A04F0,1803107,42
189Y1A04F1,1803107,41
189Y1A04F2,1803107,43
189Y1A04F3,1803107,45
189Y1A04F4,1803107,40
189Y1A04F5,1803107,42
189Y1A04F6,1803107,40
189Y1A04F7,1803107,39
189Y1A04F8,1803107,42
189Y1A04F9,1803107,44
189Y1A04G0,1803107,43
189Y1A04G1,1803107,47
189Y1A04G2,1803107,47
189Y1A04G3,1803107,42
189Y1A0401,1822108,46
189Y1A0402,1822108,38
189Y1A0403,1822108,36
189Y1A0404,1822108,43
189Y1A0405,1822108,40
189Y1A0406,1822108,46
189Y1A0407,1822108,41
189Y1A0408,1822108,40
189Y1A0409,1822108,47
189Y1A0410,1822108,40
189Y1A0411,1822108,41
189Y1A0412,1822108,48
189Y1A0413,1822108,47
189Y1A0414,1822108,47
189Y1A0415,1822108,43
189Y1A0416,1822108,41
189Y1A0417,1822108,46
189Y1A0418,1822108,45
189Y1A0420,1822108,48
189Y1A0421,1822108,45
189Y1A0422,1822108,45
189Y1A0423,1822108,44
189Y1A0424,1822108,40
189Y1A0425,1822108,41
189Y1A0426,1822108,42
189Y1A0427,1822108,45
189Y1A0428,1822108,48
189Y1A0430,1822108,47
189Y1A0431,1822108,47
189Y1A0432,1822108,40
189Y1A0433,1822108,47
189Y1A0434,1822108,44
189Y1A0435,1822108,40
189Y1A0436,1822108,45
189Y1A0437,1822108,47
189Y1A0438,1822108,46
189Y1A0439,1822108,46
189Y1A0440,1822108,44
189Y1A0441,1822108,48
189Y1A0442,1822108,41
189Y1A0443,1822108,47
189Y1A0444,1822108,45
189Y1A0445,1822108,41
189Y1A0446,1822108,46
189Y1A0447,1822108,41
189Y1A0448,1822108,46
189Y1A0449,1822108,40
189Y1A0450,1822108,45
189Y1A0451,1822108,45
189Y1A0452,1822108,48
189Y1A0453,1822108,43
189Y1A0454,1822108,48
189Y1A0455,1822108,44
189Y1A0456,1822108,46
189Y1A0457,1822108,48
189Y1A0458,1822108,43
189Y1A0459,1822108,41
189Y1A0460,1822108,44
189Y1A0461,1822108,44
189Y1A0462,1822108,40
189Y1A0463,1822108,40
189Y1A0464,1822108,46
189Y1A0465,1822108,42
189Y1A0466,1822108,42
189Y1A0467,1822108,37
189Y1A0468,1822108,42
189Y1A0469,1822108,46
189Y1A0470,1822108,43
189Y1A0471,1822108,40
189Y1A0472,1822108,44
189Y1A0473,1822108,48
189Y1A0474,1822108,44
189Y1A0475,1822108,48
189Y1A0476,1822108,41
189Y1A0477,1822108,47
189Y1A0478,1822108,40
189Y1A0479,1822108,45
189Y1A0480,1822108,40
189Y1A0481,1822108,48
189Y1A0482,1822108,46
189Y1A0483,1822108,46
189Y1A0484,1822108,45
189Y1A0485,1822108,44
189Y1A0486,1822108,43
189Y1A0487,1822108,45
189Y1A0488,1822108,46
189Y1A0489,1822108,47
189Y1A0490,1822108,45
189Y1A0491,1822108,46
189Y1A0492,1822108,45
189Y1A0493,1822108,48
189Y1A0494,1822108,45
189Y1A0495,1822108,42
189Y1A0496,1822108,42
189Y1A0497,1822108,41
189Y1A0498,1822108,43
189Y1A0499,1822108,42
189Y1A04A0,1822108,43
189Y1A04A1,1822108,41
189Y1A04A2,1822108,43
189Y1A04A3,1822108,40
189Y1A04A4,1822108,48
189Y1A04A5,1822108,48
189Y1A04A6,1822108,45
189Y1A04A7,1822108,40
189Y1A04A8,1822108,41
189Y1A04A9,1822108,48
189Y1A04B0,1822108,43
189Y1A04B1,1822108,45
189Y1A04B2,1822108,40
189Y1A04B3,1822108,47
189Y1A04B4,1822108,41
189Y1A04B5,1822108,41
189Y1A04B6,1822108,40
189Y1A04B7,1822108,43
189Y1A04B8,1822108,40
189Y1A04B9,1822108,40
189Y1A04C0,1822108,43
189Y1A04C1,1822108,45
189Y1A04C2,1822108,41
189Y1A04C3,1822108,42
189Y1A04C4,1822108,48
189Y1A04C5,1822108,41
189Y1A04C6,1822108,45
189Y1A04C7,1822108,47
189Y1A04C8,1822108,48
189Y1A04C9,1822108,40
189Y1A04D0,1822108,48
189Y1A04D1,1822108,40
189Y1A04D2,1822108,40
189Y1A04D3,1822108,41
189Y1A04D4,1822108,41
189Y1A04D5,1822108,48
189Y1A04D6,1822108,48
189Y1A04D7,1822108,42
189Y1A04D8,1822108,41
189Y1A04D9,1822108,46
189Y1A04E0,1822108,47
189Y1A04E1,1822108,45
189Y1A04E2,1822108,44
189Y1A04E3,1822108,48
189Y1A04E4,1822108,45
189Y1A04E5,1822108,45
189Y1A04E6,1822108,48
189Y1A04E7,1822108,47
189Y1A04E8,1822108,40
189Y1A04E9,1822108,42
189Y1A04F0,1822108,44
189Y1A04F1,1822108,38
189Y1A04F2,1822108,47
189Y1A04F3,1822108,45
189Y1A04F4,1822108,41
189Y1A04F5,1822108,41
189Y1A04F6,1822108,43
189Y1A04F7,1822108,41
189Y1A04F8,1822108,43
189Y1A04F9,1822108,48
189Y1A04G0,1822108,44
189Y1A04G1,1822108,44
189Y1A04G2,1822108,44
189Y1A04G3,1822108,41
189Y1A0401,1802109,47
189Y1A0402,1802109,30
189Y1A0403,1802109,27
189Y1A0404,1802109,44
189Y1A0405,1802109,-2
189Y1A0406,1802109,40
189Y1A0407,1802109,40
189Y1A0408,1802109,40
189Y1A0409,1802109,37
189Y1A0410,1802109,43
189Y1A0411,1802109,41
189Y1A0412,1802109,45
189Y1A0413,1802109,46
189Y1A0414,1802109,45
189Y1A0415,1802109,43
189Y1A0416,1802109,41
189Y1A0417,1802109,45
189Y1A0418,1802109,44
189Y1A0420,1802109,49
189Y1A0421,1802109,38
189Y1A0422,1802109,45
189Y1A0423,1802109,48
189Y1A0424,1802109,27
189Y1A0425,1802109,39
189Y1A0426,1802109,39
189Y1A0427,1802109,41
189Y1A0428,1802109,48
189Y1A0430,1802109,49
189Y1A0431,1802109,48
189Y1A0432,1802109,49
189Y1A0433,1802109,48
189Y1A0434,1802109,39
189Y1A0435,1802109,47
189Y1A0436,1802109,46
189Y1A0437,1802109,40
189Y1A0438,1802109,47
189Y1A0439,1802109,33
189Y1A0440,1802109,47
189Y1A0441,1802109,49
189Y1A0442,1802109,41
189Y1A0443,1802109,43
189Y1A0444,1802109,48
189Y1A0445,1802109,45
189Y1A0446,1802109,36
189Y1A0447,1802109,38
189Y1A0448,1802109,46
189Y1A0449,1802109,33
189Y1A0450,1802109,44
189Y1A0451,1802109,42
189Y1A0452,1802109,47
189Y1A0453,1802109,46
189Y1A0454,1802109,49
189Y1A0455,1802109,37
189Y1A0456,1802109,47
189Y1A0457,1802109,48
189Y1A0458,1802109,36
189Y1A0459,1802109,35
189Y1A0460,1802109,49
189Y1A0461,1802109,41
189Y1A0462,1802109,34
189Y1A0463,1802109,31
189Y1A0464,1802109,45
189Y1A0465,1802109,35
189Y1A0466,1802109,30
189Y1A0467,1802109,34
189Y1A0468,1802109,41
189Y1A0469,1802109,45
189Y1A0470,1802109,47
189Y1A0471,1802109,38
189Y1A0472,1802109,41
189Y1A0473,1802109,48
189Y1A0474,1802109,40
189Y1A0475,1802109,46
189Y1A0476,1802109,41
189Y1A0477,1802109,47
189Y1A0478,1802109,4
189Y1A0479,1802109,28
189Y1A0480,1802109,22
189Y1A0481,1802109,44
189Y1A0482,1802109,44
189Y1A0483,1802109,44
189Y1A0484,1802109,45
189Y1A0485,1802109,40
189Y1A0486,1802109,41
189Y1A0487,1802109,43
189Y1A0488,1802109,48
189Y1A0489,1802109,46
189Y1A0490,1802109,40
189Y1A0491,1802109,32
189Y1A0492,1802109,45
189Y1A0493,1802109,39
189Y1A0494,1802109,43
189Y1A0495,1802109,33
189Y1A0496,1802109,39
189Y1A0497,1802109,38
189Y1A0498,1802109,37
189Y1A0499,1802109,24
189Y1A04A0,1802109,42
189Y1A04A1,1802109,42
189Y1A04A2,1802109,45
189Y1A04A3,1802109,43
189Y1A04A4,1802109,44
189Y1A04A5,1802109,43
189Y1A04A6,1802109,43
189Y1A04A7,1802109,37
189Y1A04A8,1802109,36
189Y1A04A9,1802109,41
189Y1A04B0,1802109,37
189Y1A04B1,1802109,43
189Y1A04B2,1802109,40
189Y1A04B3,1802109,44
189Y1A04B4,1802109,39
189Y1A04B5,1802109,44
189Y1A04B6,1802109,39
189Y1A04B7,1802109,39
189Y1A04B8,1802109,31
189Y1A04B9,1802109,38
189Y1A04C0,1802109,46
189Y1A04C1,1802109,40
189Y1A04C2,1802109,43
189Y1A04C3,1802109,37
189Y1A04C4,1802109,41
189Y1A04C5,1802109,41
189Y1A04C6,1802109,40
189Y1A04C7,1802109,46
189Y1A04C8,1802109,44
189Y1A04C9,1802109,32
189Y1A04D0,1802109,45
189Y1A04D1,1802109,40
189Y1A04D2,1802109,39
189Y1A04D3,1802109,36
189Y1A04D4,1802109,44
189Y1A04D5,1802109,46
189Y1A04D6,1802109,49
189Y1A04D7,1802109,38
189Y1A04D8,1802109,33
189Y1A04D9,1802109,40
189Y1A04E0,1802109,47
189Y1A04E1,1802109,43
189Y1A04E2,1802109,45
189Y1A04E3,1802109,42
189Y1A04E4,1802109,42
189Y1A04E5,1802109,46
189Y1A04E6,1802109,44
189Y1A04E7,1802109,45
189Y1A04E8,1802109,35
189Y1A04E9,1802109,40
189Y1A04F0,1802109,43
189Y1A04F1,1802109,40
189Y1A04F2,1802109,47
189Y1A04F3,1802109,46
189Y1A04F4,1802109,43
189Y1A04F5,1802109,41
189Y1A04F6,1802109,41
189Y1A04F7,1802109,40
189Y1A04F8,1802109,41
189Y1A04F9,1802109,47
189Y1A04G0,1802109,43
189Y1A04G1,1802109,38
189Y1A04G2,1802109,46
189Y1A04G3,1802109,43
189Y1A0401,1803110,45
189Y1A0402,1803110,46
189Y1A0403,1803110,46
189Y1A0404,1803110,44
189Y1A0405,1803110,41
189Y1A0406,1803110,41
189Y1A0407,1803110,45
189Y1A0408,1803110,43
189Y1A0409,1803110,45
189Y1A0410,1803110,45
189Y1A0411,1803110,46
189Y1A0412,1803110,46
189Y1A0413,1803110,43
189Y1A0414,1803110,44
189Y1A0415,1803110,42
189Y1A0416,1803110,45
189Y1A0417,1803110,45
189Y1A0418,1803110,44
189Y1A0420,1803110,46
189Y1A0421,1803110,44
189Y1A0422,1803110,46
189Y1A0423,1803110,44
189Y1A0424,1803110,43
189Y1A0425,1803110,43
189Y1A0426,1803110,43
189Y1A0427,1803110,45
189Y1A0428,1803110,47
189Y1A0430,1803110,48
189Y1A0431,1803110,46
189Y1A0432,1803110,48
189Y1A0433,1803110,42
189Y1A0434,1803110,43
189Y1A0435,1803110,49
189Y1A0436,1803110,44
189Y1A0437,1803110,47
189Y1A0438,1803110,44
189Y1A0439,1803110,47
189Y1A0440,1803110,46
189Y1A0441,1803110,46
189Y1A0442,1803110,46
189Y1A0443,1803110,46
189Y1A0444,1803110,46
189Y1A0445,1803110,45
189Y1A0446,1803110,45
189Y1A0447,1803110,44
189Y1A0448,1803110,42
189Y1A0449,1803110,45
189Y1A0450,1803110,46
189Y1A0451,1803110,46
189Y1A0452,1803110,44
189Y1A0453,1803110,45
189Y1A0454,1803110,48
189Y1A0455,1803110,44
189Y1A0456,1803110,43
189Y1A0457,1803110,47
189Y1A0458,1803110,44
189Y1A0459,1803110,44
189Y1A0460,1803110,47
189Y1A0461,1803110,43
189Y1A0462,1803110,43
189Y1A0463,1803110,42
189Y1A0464,1803110,48
189Y1A0465,1803110,45
189Y1A0466,1803110,45
189Y1A0467,1803110,42
189Y1A0468,1803110,44
189Y1A0469,1803110,48
189Y1A0470,1803110,48
189Y1A0471,1803110,48
189Y1A0472,1803110,48
189Y1A0473,1803110,48
189Y1A0474,1803110,48
189Y1A0475,1803110,48
189Y1A0476,1803110,48
189Y1A0477,1803110,48
189Y1A0478,1803110,48
189Y1A0479,1803110,44
189Y1A0480,1803110,43
189Y1A0481,1803110,48
189Y1A0482,1803110,48
189Y1A0483,1803110,48
189Y1A0484,1803110,48
189Y1A0485,1803110,46
189Y1A0486,1803110,48
189Y1A0487,1803110,48
189Y1A0488,1803110,48
189Y1A0489,1803110,48
189Y1A0490,1803110,48
189Y1A0491,1803110,47
189Y1A0492,1803110,47
189Y1A0493,1803110,48
189Y1A0494,1803110,44
189Y1A0495,1803110,43
189Y1A0496,1803110,48
189Y1A0497,1803110,43
189Y1A0498,1803110,46
189Y1A0499,1803110,46
189Y1A04A0,1803110,46
189Y1A04A1,1803110,48
189Y1A04A2,1803110,46
189Y1A04A3,1803110,46
189Y1A04A4,1803110,48
189Y1A04A5,1803110,48
189Y1A04A6,1803110,45
189Y1A04A7,1803110,45
189Y1A04A8,1803110,46
189Y1A04A9,1803110,48
189Y1A04B0,1803110,43
189Y1A04B1,1803110,47
189Y1A04B2,1803110,46
189Y1A04B3,1803110,48
189Y1A04B4,1803110,46
189Y1A04B5,1803110,46
189Y1A04B6,1803110,47
189Y1A04B7,1803110,46
189Y1A04B8,1803110,46
189Y1A04B9,1803110,46
189Y1A04C0,1803110,47
189Y1A04C1,1803110,47
189Y1A04C2,1803110,46
189Y1A04C3,1803110,46
189Y1A04C4,1803110,48
189Y1A04C5,1803110,46
189Y1A04C6,1803110,47
189Y1A04C7,1803110,48
189Y1A04C8,1803110,48
189Y1A04C9,1803110,45
189Y1A04D0,1803110,46
189Y1A04D1,1803110,46
189Y1A04D2,1803110,44
189Y1A04D3,1803110,46
189Y1A04D4,1803110,47
189Y1A04D5,1803110,48
189Y1A04D6,1803110,49
189Y1A04D7,1803110,46
189Y1A04D8,1803110,46
189Y1A04D9,1803110,47
189Y1A04E0,1803110,48
189Y1A04E1,1803110,48
189Y1A04E2,1803110,49
189Y1A04E3,1803110,47
189Y1A04E4,1803110,47
189Y1A04E5,1803110,47
189Y1A04E6,1803110,46
189Y1A04E7,1803110,46
189Y1A04E8,1803110,44
189Y1A04E9,1803110,47
189Y1A04F0,1803110,46
189Y1A04F1,1803110,45
189Y1A04F2,1803110,49
189Y1A04F3,1803110,48
189Y1A04F4,1803110,48
189Y1A04F5,1803110,44
189Y1A04F6,1803110,46
189Y1A04F7,1803110,44
189Y1A04F8,1803110,49
189Y1A04F9,1803110,49
189Y1A04G0,1803110,48
189Y1A04G1,1803110,49
189Y1A04G2,1803110,48
189Y1A04G3,1803110,47
189Y1A0501,1821101,36
189Y1A0502,1821101,50
189Y1A0503,1821101,45
189Y1A0504,1821101,58
189Y1A0505,1821101,53
189Y1A0506,1821101,17
189Y1A0507,1821101,7
189Y1A0508,1821101,14
189Y1A0509,1821101,44
189Y1A0510,1821101,29
189Y1A0511,1821101,53
189Y1A0512,1821101,33
189Y1A0513,1821101,26
189Y1A0514,1821101,27
189Y1A0515,1821101,37
189Y1A0516,1821101,26
189Y1A0517,1821101,36
189Y1A0518,1821101,26
189Y1A0519,1821101,54
189Y1A0520,1821101,18
189Y1A0521,1821101,47
189Y1A0522,1821101,26
189Y1A0523,1821101,53
189Y1A0524,1821101,37
189Y1A0525,1821101,55
189Y1A0526,1821101,12
189Y1A0527,1821101,25
189Y1A0528,1821101,26
189Y1A0529,1821101,19
189Y1A0530,1821101,47
189Y1A0531,1821101,12
189Y1A0532,1821101,30
189Y1A0533,1821101,53
189Y1A0534,1821101,44
189Y1A0535,1821101,26
189Y1A0536,1821101,35
189Y1A0537,1821101,56
189Y1A0538,1821101,51
189Y1A0539,1821101,30
189Y1A0540,1821101,29
189Y1A0541,1821101,51
189Y1A0542,1821101,44
189Y1A0544,1821101,39
189Y1A0545,1821101,25
189Y1A0546,1821101,18
189Y1A0547,1821101,14
189Y1A0548,1821101,28
189Y1A0549,1821101,41
189Y1A0550,1821101,38
189Y1A0551,1821101,17
189Y1A0552,1821101,46
189Y1A0553,1821101,33
189Y1A0554,1821101,12
189Y1A0555,1821101,5
189Y1A0556,1821101,12
189Y1A0557,1821101,61
189Y1A0558,1821101,33
189Y1A0559,1821101,27
189Y1A0560,1821101,51
189Y1A0562,1821101,31
189Y1A0563,1821101,17
189Y1A0564,1821101,28
189Y1A0565,1821101,18
189Y1A0566,1821101,26
189Y1A0567,1821101,29
189Y1A0568,1821101,19
189Y1A0569,1821101,26
189Y1A0570,1821101,8
189Y1A0571,1821101,42
189Y1A0572,1821101,27
189Y1A0573,1821101,48
189Y1A0574,1821101,43
189Y1A0575,1821101,29
189Y1A0576,1821101,36
189Y1A0577,1821101,15
189Y1A0578,1821101,59
189Y1A0579,1821101,1
189Y1A0580,1821101,19
189Y1A0581,1821101,27
189Y1A0582,1821101,25
189Y1A0583,1821101,35
189Y1A0584,1821101,25
189Y1A0585,1821101,35
189Y1A0586,1821101,56
189Y1A0587,1821101,37
189Y1A0588,1821101,17
189Y1A0589,1821101,1
189Y1A0590,1821101,45
189Y1A0591,1821101,43
189Y1A0592,1821101,29
189Y1A0593,1821101,25
189Y1A0594,1821101,49
189Y1A0595,1821101,8
189Y1A0596,1821101,25
189Y1A0597,1821101,34
189Y1A0598,1821101,2
189Y1A0599,1821101,44
189Y1A05A0,1821101,25
189Y1A05A1,1821101,8
189Y1A05A2,1821101,29
189Y1A05A3,1821101,15
189Y1A05A4,1821101,28
189Y1A05A5,1821101,34
189Y1A05A6,1821101,27
189Y1A05A7,1821101,25
189Y1A05A8,1821101,31
189Y1A05A9,1821101,30
189Y1A05B0,1821101,17
189Y1A05B1,1821101,16
189Y1A05B2,1821101,14
189Y1A05B3,1821101,28
189Y1A05B4,1821101,17
189Y1A05B5,1821101,12
189Y1A05B6,1821101,17
189Y1A05B7,1821101,31
189Y1A05B8,1821101,14
189Y1A05B9,1821101,31
189Y1A05C0,1821101,31
189Y1A05C1,1821101,25
189Y1A05C2,1821101,12
189Y1A05C3,1821101,25
189Y1A05C4,1821101,34
189Y1A05C5,1821101,9
189Y1A05C6,1821101,27
189Y1A05C7,1821101,25
189Y1A05C8,1821101,26
189Y1A05C9,1821101,3
189Y1A05D0,1821101,16
189Y1A05D1,1821101,25
189Y1A05D2,1821101,25
189Y1A05D3,1821101,49
189Y1A05D4,1821101,31
189Y1A05D5,1821101,19
189Y1A05D6,1821101,56
189Y1A05D7,1821101,4
189Y1A05D8,1821101,16
189Y1A05D9,1821101,17
189Y1A05E0,1821101,8
189Y1A05E1,1821101,25
189Y1A05E2,1821101,11
189Y1A05E3,1821101,31
189Y1A05E4,1821101,7
189Y1A05E5,1821101,8
189Y1A05E6,1821101,19
189Y1A05E7,1821101,15
189Y1A05E8,1821101,10
189Y1A05E9,1821101,25
189Y1A05F0,1821101,38
189Y1A05F2,1821101,32
189Y1A05F3,1821101,32
189Y1A05F4,1821101,34
189Y1A05F5,1821101,49
189Y1A05F6,1821101,45
189Y1A05F7,1821101,44
189Y1A05F8,1821101,43
189Y1A05F9,1821101,32
189Y1A05G0,1821101,32
189Y1A05G1,1821101,36
189Y1A05G2,1821101,26
189Y1A05G3,1821101,54
189Y1A0501,1822104,70
189Y1A0502,1822104,51
189Y1A0503,1822104,42
189Y1A0504,1822104,38
189Y1A0505,1822104,40
189Y1A0506,1822104,7
189Y1A0507,1822104,9
189Y1A0508,1822104,30
189Y1A0509,1822104,37
189Y1A0510,1822104,27
189Y1A0511,1822104,47
189Y1A0512,1822104,40
189Y1A0513,1822104,25
189Y1A0514,1822104,2
189Y1A0515,1822104,33
189Y1A0516,1822104,12
189Y1A0517,1822104,29
189Y1A0518,1822104,27
189Y1A0519,1822104,48
189Y1A0520,1822104,50
189Y1A0521,1822104,54
189Y1A0522,1822104,45
189Y1A0523,1822104,55
189Y1A0524,1822104,38
189Y1A0525,1822104,47
189Y1A0526,1822104,26
189Y1A0527,1822104,25
189Y1A0528,1822104,25
189Y1A0529,1822104,52
189Y1A0530,1822104,44
189Y1A0531,1822104,25
189Y1A0532,1822104,45
189Y1A0533,1822104,53
189Y1A0534,1822104,44
189Y1A0535,1822104,34
189Y1A0536,1822104,28
189Y1A0537,1822104,61
189Y1A0538,1822104,31
189Y1A0539,1822104,47
189Y1A0540,1822104,49
189Y1A0541,1822104,25
189Y1A0542,1822104,44
189Y1A0544,1822104,36
189Y1A0545,1822104,27
189Y1A0546,1822104,25
189Y1A0547,1822104,12
189Y1A0548,1822104,31
189Y1A0549,1822104,58
189Y1A0550,1822104,41
189Y1A0551,1822104,13
189Y1A0552,1822104,46
189Y1A0553,1822104,36
189Y1A0554,1822104,25
189Y1A0555,1822104,30
189Y1A0556,1822104,37
189Y1A0557,1822104,50
189Y1A0558,1822104,42
189Y1A0559,1822104,32
189Y1A0560,1822104,46
189Y1A0562,1822104,38
189Y1A0563,1822104,35
189Y1A0564,1822104,39
189Y1A0565,1822104,32
189Y1A0566,1822104,11
189Y1A0567,1822104,43
189Y1A0568,1822104,50
189Y1A0569,1822104,42
189Y1A0570,1822104,7
189Y1A0571,1822104,54
189Y1A0572,1822104,32
189Y1A0573,1822104,35
189Y1A0574,1822104,43
189Y1A0575,1822104,28
189Y1A0576,1822104,41
189Y1A0577,1822104,27
189Y1A0578,1822104,70
189Y1A0579,1822104,3
189Y1A0580,1822104,46
189Y1A0581,1822104,46
189Y1A0582,1822104,14
189Y1A0583,1822104,46
189Y1A0584,1822104,30
189Y1A0585,1822104,47
189Y1A0586,1822104,41
189Y1A0587,1822104,51
189Y1A0588,1822104,37
189Y1A0589,1822104,15
189Y1A0590,1822104,58
189Y1A0591,1822104,47
189Y1A0592,1822104,50
189Y1A0593,1822104,43
189Y1A0594,1822104,57
189Y1A0595,1822104,36
189Y1A0596,1822104,42
189Y1A0597,1822104,52
189Y1A0598,1822104,3
189Y1A0599,1822104,54
189Y1A05A0,1822104,26
189Y1A05A1,1822104,11
189Y1A05A2,1822104,42
189Y1A05A3,1822104,40
189Y1A05A4,1822104,49
189Y1A05A5,1822104,52
189Y1A05A6,1822104,54
189Y1A05A7,1822104,48
189Y1A05A8,1822104,47
189Y1A05A9,1822104,36
189Y1A05B0,1822104,37
189Y1A05B1,1822104,11
189Y1A05B2,1822104,26
189Y1A05B3,1822104,41
189Y1A05B4,1822104,47
189Y1A05B5,1822104,13
189Y1A05B6,1822104,53
189Y1A05B7,1822104,63
189Y1A05B8,1822104,34
189Y1A05B9,1822104,48
189Y1A05C0,1822104,67
189Y1A05C1,1822104,38
189Y1A05C2,1822104,25
189Y1A05C3,1822104,38
189Y1A05C4,1822104,47
189Y1A05C5,1822104,17
189Y1A05C6,1822104,10
189Y1A05C7,1822104,42
189Y1A05C8,1822104,55
189Y1A05C9,1822104,26
189Y1A05D0,1822104,15
189Y1A05D1,1822104,43
189Y1A05D2,1822104,7
189Y1A05D3,1822104,34
189Y1A05D4,1822104,32
189Y1A05D5,1822104,36
189Y1A05D6,1822104,62
189Y1A05D7,1822104,10
189Y1A05D8,1822104,41
189Y1A05D9,1822104,36
189Y1A05E0,1822104,28
189Y1A05E1,1822104,35
189Y1A05E2,1822104,40
189Y1A05E3,1822104,55
189Y1A05E4,1822104,31
189Y1A05E5,1822104,33
189Y1A05E6,1822104,42
189Y1A05E7,1822104,25
189Y1A05E8,1822104,26
189Y1A05E9,1822104,29
189Y1A05F0,1822104,43
189Y1A05F2,1822104,44
189Y1A05F3,1822104,42
189Y1A05F4,1822104,35
189Y1A05F5,1822104,42
189Y1A05F6,1822104,49
189Y1A05F7,1822104,53
189Y1A05F8,1822104,54
189Y1A05F9,1822104,13
189Y1A05G0,1822104,43
189Y1A05G1,1822104,50
189Y1A05G2,1822104,31
189Y1A05G3,1822104,42
189Y1A0501,1802103,33
189Y1A0502,1802103,37
189Y1A0503,1802103,43
189Y1A0504,1802103,50
189Y1A0505,1802103,28
189Y1A0506,1802103,14
189Y1A0507,1802103,14
189Y1A0508,1802103,25
189Y1A0509,1802103,30
189Y1A0510,1802103,15
189Y1A0511,1802103,53
189Y1A0512,1802103,26
189Y1A0513,1802103,19
189Y1A0514,1802103,19
189Y1A0515,1802103,25
189Y1A0516,1802103,16
189Y1A0517,1802103,34
189Y1A0518,1802103,27
189Y1A0519,1802103,32
189Y1A0520,1802103,25
189Y1A0521,1802103,29
189Y1A0522,1802103,27
189Y1A0523,1802103,49
189Y1A0524,1802103,49
189Y1A0525,1802103,49
189Y1A0526,1802103,25
189Y1A0527,1802103,25
189Y1A0528,1802103,33
189Y1A0529,1802103,26
189Y1A0530,1802103,39
189Y1A0531,1802103,-1
189Y1A0532,1802103,44
189Y1A0533,1802103,53
189Y1A0534,1802103,44
189Y1A0535,1802103,29
189Y1A0536,1802103,27
189Y1A0537,1802103,60
189Y1A0538,1802103,27
189Y1A0539,1802103,48
189Y1A0540,1802103,34
189Y1A0541,1802103,18
189Y1A0542,1802103,43
189Y1A0544,1802103,27
189Y1A0545,1802103,19
189Y1A0546,1802103,25
189Y1A0547,1802103,14
189Y1A0548,1802103,27
189Y1A0549,1802103,47
189Y1A0550,1802103,41
189Y1A0551,1802103,8
189Y1A0552,1802103,36
189Y1A0553,1802103,25
189Y1A0554,1802103,18
189Y1A0555,1802103,25
189Y1A0556,1802103,33
189Y1A0557,1802103,53
189Y1A0558,1802103,29
189Y1A0559,1802103,27
189Y1A0560,1802103,38
189Y1A0562,1802103,34
189Y1A0563,1802103,25
189Y1A0564,1802103,25
189Y1A0565,1802103,26
189Y1A0566,1802103,10
189Y1A0567,1802103,42
189Y1A0568,1802103,36
189Y1A0569,1802103,30
189Y1A0570,1802103,8
189Y1A0571,1802103,36
189Y1A0572,1802103,11
189Y1A0573,1802103,17
189Y1A0574,1802103,50
189Y1A0575,1802103,25
189Y1A0576,1802103,34
189Y1A0577,1802103,25
189Y1A0578,1802103,65
189Y1A0579,1802103,2
189Y1A0580,1802103,27
189Y1A0581,1802103,19
189Y1A0582,1802103,10
189Y1A0583,1802103,19
189Y1A0584,1802103,18
189Y1A0585,1802103,34
189Y1A0586,1802103,47
189Y1A0587,1802103,44
189Y1A0588,1802103,25
189Y1A0589,1802103,14
189Y1A0590,1802103,43
189Y1A0591,1802103,42
189Y1A0592,1802103,39
189Y1A0593,1802103,33
189Y1A0594,1802103,62
189Y1A0595,1802103,12
189Y1A0596,1802103,32
189Y1A0597,1802103,34
189Y1A0598,1802103,2
189Y1A0599,1802103,40
189Y1A05A0,1802103,12
189Y1A05A1,1802103,6
189Y1A05A2,1802103,14
189Y1A05A3,1802103,25
189Y1A05A4,1802103,25
189Y1A05A5,1802103,31
189Y1A05A6,1802103,30
189Y1A05A7,1802103,25
189Y1A05A8,1802103,37
189Y1A05A9,1802103,31
189Y1A05B0,1802103,34
189Y1A05B1,1802103,9
189Y1A05B2,1802103,13
189Y1A05B3,1802103,36
189Y1A05B4,1802103,36
189Y1A05B5,1802103,17
189Y1A05B6,1802103,37
189Y1A05B7,1802103,48
189Y1A05B8,1802103,36
189Y1A05B9,1802103,29
189Y1A05C0,1802103,56
189Y1A05C1,1802103,26
189Y1A05C2,1802103,14
189Y1A05C3,1802103,25
189Y1A05C4,1802103,25
189Y1A05C5,1802103,10
189Y1A05C6,1802103,13
189Y1A05C7,1802103,9
189Y1A05C8,1802103,33
189Y1A05C9,1802103,25
189Y1A05D0,1802103,15
189Y1A05D1,1802103,25
189Y1A05D2,1802103,11
189Y1A05D3,1802103,26
189Y1A05D4,1802103,30
189Y1A05D5,1802103,18
189Y1A05D6,1802103,32
189Y1A05D7,1802103,8
189Y1A05D8,1802103,28
189Y1A05D9,1802103,11
189Y1A05E0,1802103,9
189Y1A05E1,1802103,17
189Y1A05E2,1802103,32
189Y1A05E3,1802103,29
189Y1A05E4,1802103,16
189Y1A05E5,1802103,12
189Y1A05E6,1802103,16
189Y1A05E7,1802103,18
189Y1A05E8,1802103,12
189Y1A05E9,1802103,26
189Y1A05F0,1802103,44
189Y1A05F2,1802103,26
189Y1A05F3,1802103,34
189Y1A05F4,1802103,25
189Y1A05F5,1802103,32
189Y1A05F6,1802103,41
189Y1A05F7,1802103,42
189Y1A05F8,1802103,40
189Y1A05F9,1802103,25
189Y1A05G0,1802103,38
189Y1A05G1,1802103,43
189Y1A05G2,1802103,26
189Y1A05G3,1802103,30
189Y1A0501,1803107,46
189Y1A0502,1803107,44
189Y1A0503,1803107,45
189Y1A0504,1803107,45
189Y1A0505,1803107,34
189Y1A0506,1803107,36
189Y1A0507,1803107,32
189Y1A0508,1803107,44
189Y1A0509,1803107,46
189Y1A0510,1803107,44
189Y1A0511,1803107,44
189Y1A0512,1803107,46
189Y1A0513,1803107,35
189Y1A0514,1803107,42
189Y1A0515,1803107,46
189Y1A0516,1803107,44
189Y1A0517,1803107,46
189Y1A0518,1803107,45
189Y1A0519,1803107,45
189Y1A0520,1803107,40
189Y1A0521,1803107,44
189Y1A0522,1803107,43
189Y1A0523,1803107,43
189Y1A0524,1803107,46
189Y1A0525,1803107,42
189Y1A0526,1803107,43
189Y1A0527,1803107,39
189Y1A0528,1803107,39
189Y1A0529,1803107,41
189Y1A0530,1803107,44
189Y1A0531,1803107,-1
189Y1A0532,1803107,43
189Y1A0533,1803107,46
189Y1A0534,1803107,44
189Y1A0535,1803107,39
189Y1A0536,1803107,45
189Y1A0537,1803107,45
189Y1A0538,1803107,44
189Y1A0539,1803107,44
189Y1A0540,1803107,45
189Y1A0541,1803107,45
189Y1A0542,1803107,43
189Y1A0544,1803107,45
189Y1A0545,1803107,44
189Y1A0546,1803107,43
189Y1A0547,1803107,40
189Y1A0548,1803107,40
189Y1A0549,1803107,43
189Y1A0550,1803107,44
189Y1A0551,1803107,38
189Y1A0552,1803107,45
189Y1A0553,1803107,44
189Y1A0554,1803107,40
189Y1A0555,1803107,40
189Y1A0556,1803107,43
189Y1A0557,1803107,45
189Y1A0558,1803107,43
189Y1A0559,1803107,43
189Y1A0560,1803107,44
189Y1A0562,1803107,43
189Y1A0563,1803107,44
189Y1A0564,1803107,44
189Y1A0565,1803107,44
189Y1A0566,1803107,39
189Y1A0567,1803107,44
189Y1A0568,1803107,48
189Y1A0569,1803107,39
189Y1A0570,1803107,39
189Y1A0571,1803107,39
189Y1A0572,1803107,43
189Y1A0573,1803107,37
189Y1A0574,1803107,46
189Y1A0575,1803107,38
189Y1A0576,1803107,48
189Y1A0577,1803107,43
189Y1A0578,1803107,46
189Y1A0579,1803107,40
189Y1A0580,1803107,45
189Y1A0581,1803107,43
189Y1A0582,1803107,34
189Y1A0583,1803107,48
189Y1A0584,1803107,46
189Y1A0585,1803107,49
189Y1A0586,1803107,42
189Y1A0587,1803107,43
189Y1A0588,1803107,40
189Y1A0589,1803107,43
189Y1A0590,1803107,40
189Y1A0591,1803107,49
189Y1A0592,1803107,49
189Y1A0593,1803107,43
189Y1A0594,1803107,49
189Y1A0595,1803107,42
189Y1A0596,1803107,48
189Y1A0597,1803107,39
189Y1A0598,1803107,39
189Y1A0599,1803107,47
189Y1A05A0,1803107,37
189Y1A05A1,1803107,37
189Y1A05A2,1803107,42
189Y1A05A3,1803107,39
189Y1A05A4,1803107,49
189Y1A05A5,1803107,43
189Y1A05A6,1803107,43
189Y1A05A7,1803107,43
189Y1A05A8,1803107,46
189Y1A05A9,1803107,39
189Y1A05B0,1803107,36
189Y1A05B1,1803107,37
189Y1A05B2,1803107,39
189Y1A05B3,1803107,43
189Y1A05B4,1803107,46
189Y1A05B5,1803107,36
189Y1A05B6,1803107,42
189Y1A05B7,1803107,45
189Y1A05B8,1803107,39
189Y1A05B9,1803107,44
189Y1A05C0,1803107,44
189Y1A05C1,1803107,42
189Y1A05C2,1803107,36
189Y1A05C3,1803107,38
189Y1A05C4,1803107,42
189Y1A05C5,1803107,38
189Y1A05C6,1803107,39
189Y1A05C7,1803107,36
189Y1A05C8,1803107,38
189Y1A05C9,1803107,38
189Y1A05D0,1803107,41
189Y1A05D1,1803107,38
189Y1A05D2,1803107,36
189Y1A05D3,1803107,48
189Y1A05D4,1803107,38
189Y1A05D5,1803107,41
189Y1A05D6,1803107,47
189Y1A05D7,1803107,39
189Y1A05D8,1803107,41
189Y1A05D9,1803107,39
189Y1A05E0,1803107,39
189Y1A05E1,1803107,42
189Y1A05E2,1803107,40
189Y1A05E3,1803107,41
189Y1A05E4,1803107,41
189Y1A05E5,1803107,41
189Y1A05E6,1803107,43
189Y1A05E7,1803107,41
189Y1A05E8,1803107,39
189Y1A05E9,1803107,44
189Y1A05F0,1803107,41
189Y1A05F2,1803107,42
189Y1A05F3,1803107,42
189Y1A05F4,1803107,43
189Y1A05F5,1803107,47
189Y1A05F6,1803107,46
189Y1A05F7,1803107,46
189Y1A05F8,1803107,47
189Y1A05F9,1803107,43
189Y1A05G0,1803107,41
189Y1A05G1,1803107,44
189Y1A05G2,1803107,45
189Y1A05G3,1803107,38
189Y1A0501,1822108,46
189Y1A0502,1822108,42
189Y1A0503,1822108,40
189Y1A0504,1822108,48
189Y1A0505,1822108,40
189Y1A0506,1822108,40
189Y1A0507,1822108,35
189Y1A0508,1822108,47
189Y1A0509,1822108,40
189Y1A0510,1822108,41
189Y1A0511,1822108,47
189Y1A0512,1822108,40
189Y1A0513,1822108,36
189Y1A0514,1822108,40
189Y1A0515,1822108,41
189Y1A0516,1822108,41
189Y1A0517,1822108,44
189Y1A0518,1822108,40
189Y1A0519,1822108,44
189Y1A0520,1822108,41
189Y1A0521,1822108,45
189Y1A0522,1822108,42
189Y1A0523,1822108,45
189Y1A0524,1822108,42
189Y1A0525,1822108,43
189Y1A0526,1822108,45
189Y1A0527,1822108,42
189Y1A0528,1822108,40
189Y1A0529,1822108,40
189Y1A0530,1822108,40
189Y1A0531,1822108,35
189Y1A0532,1822108,40
189Y1A0533,1822108,44
189Y1A0534,1822108,43
189Y1A0535,1822108,40
189Y1A0536,1822108,40
189Y1A0537,1822108,48
189Y1A0538,1822108,42
189Y1A0539,1822108,46
189Y1A0540,1822108,41
189Y1A0541,1822108,44
189Y1A0542,1822108,45
189Y1A0544,1822108,45
189Y1A0545,1822108,39
189Y1A0546,1822108,35
189Y1A0547,1822108,40
189Y1A0548,1822108,36
189Y1A0549,1822108,45
189Y1A0550,1822108,41
189Y1A0551,1822108,35
189Y1A0552,1822108,41
189Y1A0553,1822108,44
189Y1A0554,1822108,38
189Y1A0555,1822108,40
189Y1A0556,1822108,44
189Y1A0557,1822108,44
189Y1A0558,1822108,44
189Y1A0559,1822108,45
189Y1A0560,1822108,47
189Y1A0562,1822108,46
189Y1A0563,1822108,44
189Y1A0564,1822108,41
189Y1A0565,1822108,37
189Y1A0566,1822108,41
189Y1A0567,1822108,43
189Y1A0568,1822108,46
189Y1A0569,1822108,41
189Y1A0570,1822108,41
189Y1A0571,1822108,46
189Y1A0572,1822108,42
189Y1A0573,1822108,40
189Y1A0574,1822108,46
189Y1A0575,1822108,40
189Y1A0576,1822108,47
189Y1A0577,1822108,45
189Y1A0578,1822108,46
189Y1A0579,1822108,40
189Y1A0580,1822108,45
189Y1A0581,1822108,48
189Y1A0582,1822108,40
189Y1A0583,1822108,43
189Y1A0584,1822108,42
189Y1A0585,1822108,45
189Y1A0586,1822108,48
189Y1A0587,1822108,45
189Y1A0588,1822108,40
189Y1A0589,1822108,45
189Y1A0590,1822108,42
189Y1A0591,1822108,48
189Y1A0592,1822108,46
189Y1A0593,1822108,40
189Y1A0594,1822108,48
189Y1A0595,1822108,35
189Y1A0596,1822108,42
189Y1A0597,1822108,46
189Y1A0598,1822108,35
189Y1A0599,1822108,43
189Y1A05A0,1822108,35
189Y1A05A1,1822108,45
189Y1A05A2,1822108,45
189Y1A05A3,1822108,35
189Y1A05A4,1822108,47
189Y1A05A5,1822108,48
189Y1A05A6,1822108,48
189Y1A05A7,1822108,46
189Y1A05A8,1822108,45
189Y1A05A9,1822108,44
189Y1A05B0,1822108,37
189Y1A05B1,1822108,40
189Y1A05B2,1822108,36
189Y1A05B3,1822108,40
189Y1A05B4,1822108,45
189Y1A05B5,1822108,40
189Y1A05B6,1822108,40
189Y1A05B7,1822108,42
189Y1A05B8,1822108,40
189Y1A05B9,1822108,40
189Y1A05C0,1822108,42
189Y1A05C1,1822108,40
189Y1A05C2,1822108,35
189Y1A05C3,1822108,37
189Y1A05C4,1822108,40
189Y1A05C5,1822108,35
189Y1A05C6,1822108,35
189Y1A05C7,1822108,35
189Y1A05C8,1822108,37
189Y1A05C9,1822108,35
189Y1A05D0,1822108,35
189Y1A05D1,1822108,35
189Y1A05D2,1822108,35
189Y1A05D3,1822108,41
189Y1A05D4,1822108,37
189Y1A05D5,1822108,47
189Y1A05D6,1822108,43
189Y1A05D7,1822108,35
189Y1A05D8,1822108,40
189Y1A05D9,1822108,40
189Y1A05E0,1822108,36
189Y1A05E1,1822108,46
189Y1A05E2,1822108,40
189Y1A05E3,1822108,47
189Y1A05E4,1822108,42
189Y1A05E5,1822108,40
189Y1A05E6,1822108,43
189Y1A05E7,1822108,46
189Y1A05E8,1822108,42
189Y1A05E9,1822108,46
189Y1A05F0,1822108,45
189Y1A05F2,1822108,44
189Y1A05F3,1822108,43
189Y1A05F4,1822108,45
189Y1A05F5,1822108,48
189Y1A05F6,1822108,46
189Y1A05F7,1822108,45
189Y1A05F8,1822108,48
189Y1A05F9,1822108,45
189Y1A05G0,1822108,42
189Y1A05G1,1822108,46
189Y1A05G2,1822108,46
189Y1A05G3,1822108,47
189Y1A0501,1802109,46
189Y1A0502,1802109,47
189Y1A0503,1802109,41
189Y1A0504,1802109,45
189Y1A0505,1802109,40
189Y1A0506,1802109,31
189Y1A0507,1802109,32
189Y1A0508,1802109,36
189Y1A0509,1802109,49
189Y1A0510,1802109,42
189Y1A0511,1802109,49
189Y1A0512,1802109,46
189Y1A0513,1802109,34
189Y1A0514,1802109,35
189Y1A0515,1802109,46
189Y1A0516,1802109,32
189Y1A0517,1802109,45
189Y1A0518,1802109,32
189Y1A0519,1802109,47
189Y1A0520,1802109,42
189Y1A0521,1802109,49
189Y1A0522,1802109,45
189Y1A0523,1802109,47
189Y1A0524,1802109,49
189Y1A0525,1802109,48
189Y1A0526,1802109,46
189Y1A0527,1802109,45
189Y1A0528,1802109,42
189Y1A0529,1802109,42
189Y1A0530,1802109,48
189Y1A0531,1802109,-1
189Y1A0532,1802109,43
189Y1A0533,1802109,47
189Y1A0534,1802109,48
189Y1A0535,1802109,33
189Y1A0536,1802109,33
189Y1A0537,1802109,47
189Y1A0538,1802109,48
189Y1A0539,1802109,48
189Y1A0540,1802109,41
189Y1A0541,1802109,44
189Y1A0542,1802109,49
189Y1A0544,1802109,45
189Y1A0545,1802109,42
189Y1A0546,1802109,34
189Y1A0547,1802109,-1
189Y1A0548,1802109,44
189Y1A0549,1802109,47
189Y1A0550,1802109,39
189Y1A0551,1802109,34
189Y1A0552,1802109,42
189Y1A0553,1802109,42
189Y1A0554,1802109,34
189Y1A0555,1802109,40
189Y1A0556,1802109,44
189Y1A0557,1802109,49
189Y1A0558,1802109,43
189Y1A0559,1802109,47
189Y1A0560,1802109,48
189Y1A0562,1802109,45
189Y1A0563,1802109,43
189Y1A0564,1802109,43
189Y1A0565,1802109,39
189Y1A0566,1802109,30
189Y1A0567,1802109,45
189Y1A0568,1802109,43
189Y1A0569,1802109,42
189Y1A0570,1802109,30
189Y1A0571,1802109,36
189Y1A0572,1802109,26
189Y1A0573,1802109,39
189Y1A0574,1802109,47
189Y1A0575,1802109,42
189Y1A0576,1802109,48
189Y1A0577,1802109,34
189Y1A0578,1802109,49
189Y1A0579,1802109,42
189Y1A0580,1802109,45
189Y1A0581,1802109,36
189Y1A0582,1802109,35
189Y1A0583,1802109,44
189Y1A0584,1802109,30
189Y1A0585,1802109,47
189Y1A0586,1802109,47
189Y1A0587,1802109,48
189Y1A0588,1802109,40
189Y1A0589,1802109,38
189Y1A0590,1802109,43
189Y1A0591,1802109,40
189Y1A0592,1802109,48
189Y1A0593,1802109,44
189Y1A0594,1802109,43
189Y1A0595,1802109,37
189Y1A0596,1802109,45
189Y1A0597,1802109,47
189Y1A0598,1802109,25
189Y1A0599,1802109,46
189Y1A05A0,1802109,27
189Y1A05A1,1802109,30
189Y1A05A2,1802109,37
189Y1A05A3,1802109,30
189Y1A05A4,1802109,44
189Y1A05A5,1802109,34
189Y1A05A6,1802109,35
189Y1A05A7,1802109,35
189Y1A05A8,1802109,38
189Y1A05A9,1802109,36
189Y1A05B0,1802109,43
189Y1A05B1,1802109,26
189Y1A05B2,1802109,46
189Y1A05B3,1802109,35
189Y1A05B4,1802109,48
189Y1A05B5,1802109,28
189Y1A05B6,1802109,43
189Y1A05B7,1802109,49
189Y1A05B8,1802109,31
189Y1A05B9,1802109,30
189Y1A05C0,1802109,46
189Y1A05C1,1802109,25
189Y1A05C2,1802109,30
189Y1A05C3,1802109,36
189Y1A05C4,1802109,44
189Y1A05C5,1802109,26
189Y1A05C6,1802109,26
189Y1A05C7,1802109,26
189Y1A05C8,1802109,46
189Y1A05C9,1802109,37
189Y1A05D0,1802109,29
189Y1A05D1,1802109,42
189Y1A05D2,1802109,42
189Y1A05D3,1802109,41
189Y1A05D4,1802109,35
189Y1A05D5,1802109,37
189Y1A05D6,1802109,47
189Y1A05D7,1802109,22
189Y1A05D8,1802109,41
189Y1A05D9,1802109,39
189Y1A05E0,1802109,26
189Y1A05E1,1802109,32
189Y1A05E2,1802109,35
189Y1A05E3,1802109,41
189Y1A05E4,1802109,36
189Y1A05E5,1802109,35
189Y1A05E6,1802109,38
189Y1A05E7,1802109,35
189Y1A05E8,1802109,38
189Y1A05E9,1802109,41
189Y1A05F0,1802109,45
189Y1A05F2,1802109,35
189Y1A05F3,1802109,43
189Y1A05F4,1802109,43
189Y1A05F5,1802109,43
189Y1A05F6,1802109,47
189Y1A05F7,1802109,47
189Y1A05F8,1802109,45
189Y1A05F9,1802109,40
189Y1A05G0,1802109,46
189Y1A05G1,1802109,46
189Y1A05G2,1802109,44
189Y1A05G3,1802109,43
189Y1A0501,1803110,45
189Y1A0502,1803110,42
189Y1A0503,1803110,44
189Y1A0504,1803110,47
189Y1A0505,1803110,43
189Y1A0506,1803110,45
189Y1A0507,1803110,40
189Y1A0508,1803110,41
189Y1A0509,1803110,44
189Y1A0510,1803110,40
189Y1A0511,1803110,45
189Y1A0512,1803110,45
189Y1A0513,1803110,40
189Y1A0514,1803110,43
189Y1A0515,1803110,43
189Y1A0516,1803110,43
189Y1A0517,1803110,40
189Y1A0518,1803110,42
189Y1A0519,1803110,44
189Y1A0520,1803110,44
189Y1A0521,1803110,45
189Y1A0522,1803110,41
189Y1A0523,1803110,46
189Y1A0524,1803110,46
189Y1A0525,1803110,43
189Y1A0526,1803110,42
189Y1A0527,1803110,40
189Y1A0528,1803110,43
189Y1A0529,1803110,40
189Y1A0530,1803110,45
189Y1A0531,1803110,43
189Y1A0532,1803110,44
189Y1A0533,1803110,44
189Y1A0534,1803110,44
189Y1A0535,1803110,40
189Y1A0536,1803110,41
189Y1A0537,1803110,47
189Y1A0538,1803110,44
189Y1A0539,1803110,44
189Y1A0540,1803110,46
189Y1A0541,1803110,43
189Y1A0542,1803110,46
189Y1A0544,1803110,43
189Y1A0545,1803110,42
189Y1A0546,1803110,41
189Y1A0547,1803110,40
189Y1A0548,1803110,42
189Y1A0549,1803110,44
189Y1A0550,1803110,43
189Y1A0551,1803110,41
189Y1A0552,1803110,45
189Y1A0553,1803110,44
189Y1A0554,1803110,41
189Y1A0555,1803110,41
189Y1A0556,1803110,40
189Y1A0557,1803110,46
189Y1A0558,1803110,41
189Y1A0559,1803110,44
189Y1A0560,1803110,44
189Y1A0562,1803110,44
189Y1A0563,1803110,43
189Y1A0564,1803110,43
189Y1A0565,1803110,40
189Y1A0566,1803110,45
189Y1A0567,1803110,46
189Y1A0568,1803110,47
189Y1A0569,1803110,42
189Y1A0570,1803110,45
189Y1A0571,1803110,43
189Y1A0572,1803110,42
189Y1A0573,1803110,45
189Y1A0574,1803110,46
189Y1A0575,1803110,44
189Y1A0576,1803110,45
189Y1A0577,1803110,44
189Y1A0578,1803110,47
189Y1A0579,1803110,43
189Y1A0580,1803110,45
189Y1A0581,1803110,44
189Y1A0582,1803110,44
189Y1A0583,1803110,46
189Y1A0584,1803110,46
189Y1A0585,1803110,46
189Y1A0586,1803110,45
189Y1A0587,1803110,46
189Y1A0588,1803110,47
189Y1A0589,1803110,41
189Y1A0590,1803110,45
189Y1A0591,1803110,44
189Y1A0592,1803110,47
189Y1A0593,1803110,45
189Y1A0594,1803110,47
189Y1A0595,1803110,43
189Y1A0596,1803110,46
189Y1A0597,1803110,45
189Y1A0598,1803110,41
189Y1A0599,1803110,46
189Y1A05A0,1803110,45
189Y1A05A1,1803110,44
189Y1A05A2,1803110,46
189Y1A05A3,1803110,46
189Y1A05A4,1803110,47
189Y1A05A5,1803110,47
189Y1A05A6,1803110,46
189Y1A05A7,1803110,44
189Y1A05A8,1803110,47
189Y1A05A9,1803110,44
189Y1A05B0,1803110,45
189Y1A05B1,1803110,45
189Y1A05B2,1803110,43
189Y1A05B3,1803110,46
189Y1A05B4,1803110,46
189Y1A05B5,1803110,40
189Y1A05B6,1803110,46
189Y1A05B7,1803110,45
189Y1A05B8,1803110,45
189Y1A05B9,1803110,44
189Y1A05C0,1803110,44
189Y1A05C1,1803110,44
189Y1A05C2,1803110,43
189Y1A05C3,1803110,45
189Y1A05C4,1803110,46
189Y1A05C5,1803110,42
189Y1A05C6,1803110,44
189Y1A05C7,1803110,35
189Y1A05C8,1803110,43
189Y1A05C9,1803110,44
189Y1A05D0,1803110,43
189Y1A05D1,1803110,43
189Y1A05D2,1803110,46
189Y1A05D3,1803110,46
189Y1A05D4,1803110,44
189Y1A05D5,1803110,46
189Y1A05D6,1803110,46
189Y1A05D7,1803110,46
189Y1A05D8,1803110,44
189Y1A05D9,1803110,46
189Y1A05E0,1803110,45
189Y1A05E1,1803110,44
189Y1A05E2,1803110,45
189Y1A05E3,1803110,44
189Y1A05E4,1803110,45
189Y1A05E5,1803110,46
189Y1A05E6,1803110,45
189Y1A05E7,1803110,48
189Y1A05E8,1803110,45
189Y1A05E9,1803110,47
189Y1A05F0,1803110,45
189Y1A05F2,1803110,44
189Y1A05F3,1803110,45
189Y1A05F4,1803110,48
189Y1A05F5,1803110,48
189Y1A05F6,1803110,46
189Y1A05F7,1803110,46
189Y1A05F8,1803110,47
189Y1A05F9,1803110,44
189Y1A05G0,1803110,46
189Y1A05G1,1803110,49
189Y1A05G2,1803110,49
189Y1A05G3,1803110,48
